PUBLIC_ID	chromothripsis
d3a84ca9f3cbd10eca7543cab3bc440adc8bd9e96cd9bb464f118e961eab6e19	lowconf
281fc6fbd869978d62e96202d2758993229114145e16f2d0d56fdd6ab3b91df9	negative
454f1737faa6b54c363e9d706d29e9456b0afd216adb9e50d9bb414c8bf307e8	negative
92edc1ad3e041d15c128219b41379d418fc027fc95c32cebb9cb466ee521f998	negative
05bfb03e3ddf8fe35b855364b834b3a67028196e0562386eda12de77ab417934	lowconf
ed22c046acda1d368712d88176258b3575b073288af7bba03dbc382f26faccd1	negative
e8b8f14697a6c8eb512141b67f35b8734ac2a06a6455f3c819bc11c089757f50	highconf
2c66b02c123312b2fd932151755a77931bed81938a46cff52a96f26b590e643b	negative
c165b47e458aa180efcc9b249d29aadb176e1e594c00a51aa6b6b4c9a188a278	negative
f2bdcdb55ef3a7a89ed3c2b0a340719c458df9e00b496f5b420d854c177e196a	negative
4e5a62660aeb1f2973090c57389e0d40bb9eead794c63f68ec7be8e1b9e45553	lowconf
5ff06ad976a228c869e9fba996c1667ffb4b1d3e0acfd84cfa235ab23316965b	negative
77e179e83dd6592a5e325f0414f118ff8f50b7cab2774d8e1c3fc8417b398efe	negative
caba99a4ff3705b76ad1ff0b6240dcad764e64b963839300985bb248cac89171	highconf
8865d577d3bdca48f56d812e2defd4edf19f3c65339f40d1ecd81fd6d3e801e4	negative
9f6b16b1ecd55a2b2be6dc9c034f84e2ddf4e898d1686919d8d4bc1a666ec13f	negative
843dce160d553a05223189450ae09645849284b5b0dd2540c6911ef1558efc92	negative
59bcf023dad638bbe86364500d1d5eeeca5901391e3b544d027c7f849f1518a1	negative
3a7c79288fa48ac81f88c631597eed5decbf868bc3987976e154b405829e6ac0	negative
9b229d918f5ce5cfa8eb324da942aeb1cc30235ff0075244b5d9667faa0ff040	negative
b9ec4b9238984a32e2672a0c6933da720e9ecff73a12a726071017a876b9a515	negative
e30e34c2de4832f4800157342eeed52b10bcc7dedbf075ace3ef66d11bfc5312	negative
bb8ab98ddbc588bc58b432874a9659f63bc5f2145d3b1b8da6554531344d25c6	negative
ab3c042d8c8cea2142107d27ab41c641dbe0740f85ef9cae13e41cbb808482bd	negative
03f6d24c49e079bc4c51927c02d2ac8aca698663fcffa02e519151ac1f9c2a10	negative
6ccbe66bace47e721b8556e8698cda4c7ccd38323027504612fcd668b067204d	negative
e6b3748e661d0b23451fcc9e25e3a8fc1f9e24fc1b978a9bd06abae1701ea6f7	negative
a681c7e3c361fa4826e69340f9860a9918451b9ab4553ae85e34d1b2beafc20d	highconf
2c8ae4fbc3daad0fb02936abdc491b3d80b8fe37e6de8e1d1ad5ea7a5a82e5cf	negative
e68bb5527f94d89ea43c94da10a574a7d3e1415a85c5b949b83ea98580d184f7	negative
4b4e4a88769c52bd5ef68a22b9d0a47523e8bab1d5e1b5dbbe9bc21825507eab	negative
735371dc79694929b16f76b28365b26a3dbfbe6fb0bf3a924f0e328dd454e632	negative
494185f71b1e2f0ed60861a9c109e3a830a9e418f102c3b5f6f0e12f7dd1d38c	negative
62217649ab5c9f6c179f2c3a7180db643fdbf08fe0d5d799707be91e7bd3cef4	lowconf
f71fec9da53648370b0f667d35e63957c647d373a482d290c310a7d40d58e938	lowconf
104e411d94a9603bef297a883fdf64bf5db806848afbfa5f0af2790b524ee539	negative
83893c2d5518c739aa62ed550d6a215dcd57b531dc6c57e0e6a3b50fc806900b	negative
394ce4201a93742d5755fb940b950e248831ecd44edb2ddd764bbef51184bc01	lowconf
1e09fa3aa13a4539f6f2f26b3c0b2c5e6625ed17f855552027753500656cd21f	negative
6ed21c40a75864607119fe1bc32af1a11b1659af404c2e641770be88a7554ce8	negative
ec928b0d258836d331e78ab295ecde64d11ed7f80e68fd1cda6108a534cb2a3c	lowconf
3ef414057a837e290649327cb4d8e0fe7fc939f546100301129344b02ce6f432	highconf
36743c9dde83b2aedd24e41d064acd7d0a8743dd7130d5dd7a126da625909991	negative
e6740f2165a881944cc24c4031ac0deabdb489cf0b36e71f5f6417826ac8613e	negative
dd4baf119a09380fe76897e155236bb6813aa1c7b1d17dc09a145965b59ae113	negative
7eb12b9c335ccd15fc1edb110bac22bb6acdb1e5336fdccf9b7f40a73682c188	negative
014b8c22fdcce0d7c42c50ff67918dbfdfe725199c433e0af353f82db0092879	negative
283c52b165f88112be611702ba087081ebdb3e34b7a2e5d9c640f5e26568755c	negative
3d5b024ce58f27326af58ffbda60e4041624172d1c2c0ef7d1f896372b7a0818	negative
12ef0a0117b86a2f502e875295bb886751455a8283e29c4eb883b925324fc459	lowconf
68d1a3854e6baec84336bb0de8e7d4f155229952c9740b9d92e35685e546a160	negative
7fded17e02d65df03d2665957ad1a872c63cabed8858e50ea25696a8471c6bf2	negative
a8521ec5a4e3e43efe150d1bc7e7670977c5d8730d1a5ea366d0d0bd28620ed9	negative
57380cf677dcc353007f9f84bf8e8d95b9c552bf409293ebbc12f22d598de358	highconf
1a79dfc645c27b96371c235abb186b11bb3e9c8328bd747764c8c066a90997a5	negative
48bfd08e5bf6ea02109d7fe886405d3bc65b71b7db4c4bd82fc7d00b2fa8ce97	negative
f7955aeaa287327c84ae398ad057ba00265a157a5270dfd4926ccc25b6479071	negative
a4203f15cf3d790a662f21a31b6a90556102d32f1e0a54b48a461eb4e97adafe	negative
41867da33ec73c4cc5c0cb5e0f4a0deb2d42a1ab2ee6ce2d0a453b4a7805f468	negative
bdb727d51db34cf84ca3491cc6741f54d1ea5883682ce7f29711579934fec90b	highconf
363af445a9acdc27a075eec3b5f50f698c72e73177a8144fc28e536071556d4a	negative
2793bc621a8ab2703a8238cc5d66d0b3e0cf20c39321dd3b3823b72d1d209ccc	highconf
0a3471221501dbe44ffa132b8838f449714a23c3aa31bea3bd75eaae70dd4336	negative
8553c3674f5faeec787f4d01601a544d843da6ab57ca31c5a276b9984e80df87	lowconf
c4cc59012cefd9b28085ea042dd3e2020283069af6b94f5d55ac4e1de27e1290	negative
943d3891ab2470dc731cdec65e2b252a0a1fc78175e1665feb224be3f6b2f45d	highconf
a05cb4530932b5b0b061e5654a111a8717468cfd5836afc929bf4361a88469d5	highconf
45c95a73464b3cae56befe8f2896eac39271b14d934c4b36b253a9b4c278f802	highconf
bdf70dfe694ce5ce2ea28d76b097bf9072ddcd1759c7588273f885ce27d2c8a9	highconf
562faef73f68713abc5ab3b8b539817be659e926b048ebc8c66d135521e880a1	negative
f088c3e9226699062893ed1b3e316737c774eefae32bbfb74b7749d281f91eee	negative
27015a2196a0e4c8ecd1ff3173a1f2abf900ba8ba2abe66b981c1d73e59aa622	negative
ab668c0dc131530c6fde2a19575d5ed8dab2aedb5421ec844da119cf924d7efb	negative
6e1aac75901e50031ebdaa5430a7e040d2b10e39e3a97c930fda40fb5bccc62c	highconf
068bbbd4d96ecd2f1eccd614acd3a3f80962f763f7577ac64219f26aa2ab90db	negative
c11fe3659b02dff87c425a0f4b294c7f9a999692fddfd3978fd034ba63487f71	negative
44f7218e327e39241d7cdd9a0d4f6961d418b99f6b33e22184f35f2c8ba68f84	negative
3f546081f8a239bf181ff2de5195fc3a80e7a6f8654c167a8ec0e7a7b5de885b	lowconf
63560d2c55c173b8f4fb6b48fa8813018ad8fab9077730dff74731908fa586cf	highconf
0eb2d8a37e4b06831a6acbd91b86252e7b18e35a050b7a8a15c03d10abca596f	highconf
da0523bffa9493c3c77690118709c1093f4cc0c26b42ec9eff3c40f6baabad5e	negative
80d6fbda733c13160422a7d058db85120f9796d7bd9ac04acb1c51b379e4be44	highconf
aee69c9b52a8e6164889774457719a3bb0994ac69c297b87ca42b379db7742c0	negative
76e26203b4b6c70364fc92122ae6777264256c8d3b25de1dd798ab5b2e3762db	negative
d8249842a43c207f5f9350e64e493c2cac507bc4a18b535dfcea03b469e503a1	negative
53fbdf41fbadbb90d6748d302170c35908c689393216c17edc40599cf3b0c834	negative
7af8145491824d02b92c442863ec4296747d0faee133c8cc6f65adc104038d22	highconf
e1c1caac7fa896c5dcde1bbaeadd2ab5c4fe824c8ffe36428eb660ff0c78c69e	negative
d38c355f91cc540e949711462ec93460bda55b764b1d8385dac1875dfc5c2905	highconf
f3f5c186c968e4cbd87fdff9eaed41894c72a61f7aa21c8ca3d0be8749e00917	negative
903cfa313ec46cee88f5f9db8e5376958f6e173547c05836cb14c7f4c3dee06f	negative
4b3f56d070a66f695d905951d8e7206f463fe6ee7a9d6a3750ddd41741173d97	negative
975167ff333168128a989bb084f80b2494f62b313ae0d144ef84811e8c03e77d	negative
57dede2c71e894df164eb0ac1f5272f486979f026f6e9a82b62cec23a4e7eb48	negative
d2f71f5e8a2bbddab4913a3bfc61b9dc39015d099ff75419b014e52d2c590bbe	negative
55f65891995e5ea39036eb36d2f589d33060004da97b610aa26871a07b13549b	lowconf
f4f2c3c446c1358b42733b6c85a24c34c0a0e28e3b7aca2dfc6c8d057b01cc5f	negative
62b8b9cb00da75251d7a1f8e4739e3925d9a4eff84a56a21b9c25eeace771233	highconf
77093cf48a0004dc92309467d56662b1279f6b456d2fa1da80ed055f697f5b90	highconf
f3609a206796c387cabd1968dd110d05b6bea9797e8273bcedc98d056a375112	lowconf
97847d5d25e46485740025d0cac6742ae04fe9099dad1c5ccd2fb051ee197f08	negative
353a0857635dac51bc84e40dde9ee84b1827dd733e8ecce7748640b26d4da406	negative
03c58eef8e061b1be5ea728c9a4f2aff13468e578cf153eacc9354500bdd70f7	negative
b763aaf177bfde973f78a827278ab39163643b54ef8ce7f49c51f60eb187ebb5	negative
da48e224cae2c293a95ee885c52f5b15c70df834f53113f4c126c1d5b85c91db	negative
a5e6a5031559fd82b8d4e31a7036bde1dc4e8988962d54dfb2a4d7af8d414538	negative
09f7f7a42c2a0d6f5a82017916eb6c5e5b0c6a8603ec11b75efc1c5fc378724d	negative
d5cd18f97219319cd810697cc92b8985f7e059c77d1bcd45459787e61c464250	negative
35d833c4b7ee5a63165c6bc4474b569408f6d5ca1526cca0218e9db627f335bc	negative
fa99c4ca738d38e33b6f7d91abacf171541728ac0f61118c84f25e571d50e8f0	lowconf
e31781200b2ecfed0d16430847306894c4091b4176186b70e3aa805d644d52d4	negative
cd7a3411670f4c694b68083e09b10c9b01e0bbfb9a4e316e3fc649391aecc2af	negative
ea397e7d25a8719cf3ed6ccb5d36bdab4bbdc579ac9f2e0f5d8fdb8302bbf938	negative
7fc7bfd0dbca5b77256cc450e4bcb30539cb7a422f416799792a9e90a4dbaaa7	lowconf
c376b21b46c0baa20091f44163e6bd0ae6a3ec865d93bf59be95292f08aad3b4	negative
3e1021b17c8ac5302e9d4a74fff7fc1643f32093886584b221688a207d55124b	negative
e8237b7395f2c7b20ceb3a177bb3f0e0c7771a36c0d82767965874c8e9fcb001	negative
9515fccdc6b04690a899295e8be5d07a1181afcdc411cecc612977a95e1db004	negative
4e8c2991dd5ce2cd3a7ffa828faf69e9ca21d6881049164cca98c6dbf3e9fb44	negative
2860101f8e6a0e66ad82a60f0ba973dbb6176821be542cf128bc75ac7677e6b0	negative
3238ad2c516592cb168d952143df86a48b1f4025d2852d23431237440e4b063d	lowconf
d34dadae32fd858b26ee028148fea364ff52f99e798b0d59592afd29c0883905	negative
70ae4f39c672ef9713172d3d87d39e7aeef457f6b1c8c13dc20e6f8049c40ff1	lowconf
baa58f5eba60dd8ff584c81ccc9d1b85958c9fc524bc3b9111cba6434d3bee3e	negative
69da55ac8070957b0018ae3ea0e9e3a4b7e46b3294b39d69432ac99c218cc5be	lowconf
f5f335b83178c82bad1c406860a8dcbe3d616523ee31aa12c00962301dac8e49	lowconf
192d69ea2d0792f950b98869b6e4b905a85021bc192f4b57d1b6cb5f645a4abb	negative
24c47dad4dfd6dc54eb3053847dc7e4f24c64276aa799806a904ce615ba7f59a	highconf
4e47688cd25a2383e1e2954f3b45015ab2020813bc89dac86a3b57ca235aba81	negative
ec62c73ca5059b4827bee2c2287b455d1207d33712284a8fa53e9d309746c71d	lowconf
a8795894ef49e5f41fe07fb9d6073938aa4f543b56ce84adbe6540a0cdd816c9	negative
a7c18ad1d75392710545d33a481bf927265adbe8fa2010123610d839c5aac675	negative
3090d810cac642c7a05e68f964bef81ff9710386ddb2dbecd45899351170473a	negative
5c49ff4890c27a5a1114967adb43618f05daf3d10c4698058169ac112f75d318	negative
7f829dfc3085de2d67181e7b44474e4bd02ee8c002bb8bc6cb8dee6d30393da6	negative
10092d7a47d087374abec42e5bb3d9d2786b51adf29316496a7d9e737e116e9d	highconf
2a354a96eee179da633e149ac1af211beac2a7df2ec36951faf42c674bc8b18d	negative
f269c9277851b0ab0b99d0c1bf63c0e34a46b52fe23fe48880a49fdec094622c	negative
fdf193a51799a7dea966208c5e8fccb02ad07e49ff3da0334b53a87c652c3925	negative
60e9328786952f04a5466e9eda141a3bcd618cd7d74675d617f3b044cd71111e	negative
5b1a80c334c0382be8c576b8a93e3b935e7655ba2862afbccf079ef824fecf94	lowconf
1c5387ddf1071988e86cdb2cf4b7a0dec303db75fa448847855bf59d89299357	highconf
f8cdc8cc9edcc71c9e782d405627801dc20251027d3870a4f3e8b0bf43faa1bf	negative
89134830435192fa9ca0aab88a91eb9ae916da57c06e15f88a4c946e75e9770f	highconf
368728a0394ec9f0fb1f266569956cbb2b689457aed16289cbae75ec9d17d6ca	lowconf
6f66376c89c180056c64524f1a0a549e661ea23c9c3e7819424dbedeaba20aea	negative
1354461daed02959bdd70393998bdeeba8fb7aaab2359b6277371e400b28ed2b	negative
214e482d541d9dd99b4393a753eae5fe7c6fd1090d8a5f380fac800d37f82ccb	negative
06558dad03e8165c5e84782d64506e9f958fd69fb9af9e840e894ed7fbf521aa	negative
e51ff483234b230bf1194bb2f139112898c74698855b0b2517b57dd1564f9068	negative
5bdace928264a8e9f1823c0f00dab6a2c53068636796d7f41bbcebf758857b61	negative
96e5e782072e080ba366d8ebfbb79393719831303bb6af706666abc82e656880	negative
63523598aac6e0b4b14969105e409fe3fcb9b4aa415f08923288d78cdf884c9f	negative
f4f2a49642ff205b04e7d8b67c80c71c42bfd4b5f40a6c73e1e4f58dcd2a2919	negative
4186cc90cfffb8d60a7d56deff7f7860cb7cad7c6c5d94e7226972df9650ad0c	negative
1b80a133e2aac17b0e6705f1121f753aad34b040695e31d5af54352db0aa15e3	negative
1b2b9d1af36d080ea7cdfbc4075f27550f794ad2c81045ee38f72ca28a8f105b	highconf
22b0e439dd4d2ebb59816e13cd80561044fcc271acd6daef2b169f8de9096f96	negative
d3607fcc6b1254bb3e37ea09f3de1524ea8e3126b6697ee7c92c28491fc2b4ac	negative
a5450e8e45e4df72951492f62517c714975458377bd85d1869eb7b9f48f9f513	negative
970aa0be7e146e174044a45d838e26a1ed5dab47e4774dd58951256eaf8089bf	negative
c708abb83742becce487692558d82f794664a57003c32562f0af16039edf7e10	negative
76374d4263a7fb86ec1f66cd98df39ba16d0f5a30497f91d5d3df7d4e51b6b86	negative
558453fb1643cb811ec50c21cd8ed3004abe2a27a32156308b04f99ea9fa7dee	negative
dcf9747e0a56ba2a4b5637409ba93c7c26b8713a7e7cf484ccfdabc5760a425a	negative
b43a17723b3fb42891a9f8eed3d176eda19cae585d1f1b394a51e33e91d74134	negative
e1ed535d1183be9a6b2760b69923ada1afd1eed3a32ce8c4760502f6443367c7	negative
51f78df983bef10e61c7e5b82f09edb942a20d86d56cf5773ec588af6ad36a01	negative
0d29d736617f286cdedef63caa2feac1f41fe5c1e83981b1287d5f70e771ada9	negative
0ab1a306196fc7abeee9e8f4ff2e0200353a14f2dd24c2ab2bdfe6d712aa1cc2	highconf
14fd86937b4cae2b31163c5dda3538f404aed6ed8e406a5e4bde802df8de4f05	negative
c39c4372953d941eb44eda28dfe8806126f211c0e93dc06293e03efbc0d646d6	negative
67ec3c3740bae7ef4f2429bcaa924faf6f3dfbd409f5ef20608a343e8fafc9d6	negative
d514c868b1ec643965fd229aafff5325009dbab36e2d67b9a17af6292cd6fd0c	negative
c0b160a035287171f4f3e02bfc2a426e6caf2b08727c724afe2d2f88763d3441	negative
771afaef1225a86be6234b3ce3d3086dba830c599ff71d3238a9f7f5a7496160	lowconf
7c5a9d6ff05f25170356f6d34bee3385b6cb64d9d31ff4fbc15982d3c00c0fd0	negative
315210956074a3224ba9ea07df0ecb5d610b5e23d917058ed5c5170ac0432871	lowconf
51b0647ee4b595058e7a71e28efb628f1649d20cbf11f61fe4b9a66c06cfe68f	negative
091c710c106e5d89972d15ecc32b22ecae30b9df5805e5ee298bf5e00003afc4	negative
93127a6502037a423373da9abd2ce215f5222bd786bc89b2f872053b0926c927	negative
7459dc58410b5c1e6d51d147eb6725d818f82d49cb122cc0419be5140ff1bfe5	negative
fbff960577ff6b37f424b536c5c9de458c06dc6dca0393c7a22ecd33b72e55e7	highconf
dc8abb57b0556bbd3a874ba6da7253513d743af08f88b24d54582d6972c83b1a	lowconf
811a363780ad11202539691ea8035af710d822b5302633157dd1adb879135195	negative
be3e09777125f7c690b3230190c43bf4915089e76a3fc1959fae0ed196fcd73e	negative
4c55727640f9341951dfed72e5e8b4a80de0605434ca935923967cd834f21f44	highconf
fcc9d6897007cd4afcb7146d14c9e1c31a8cdf9dab68626407d8c89cc3b52772	negative
e8326f9722a400d2afc45fa6547815aebb355c04c4a2fb4ab7e91839d93a0f05	lowconf
4d83339079c8fa29d09bf5892d18ba9ace9563bd4c04c67fc3019c995758bdd1	negative
8196f556033081be07bd6a58fed825d89c4eb39f5583a0481e930ebe292b96df	negative
2b7b961a2fcd5122c2e13237d1e323500c030dde4dad373ec4d142d7284056e5	negative
1750c2b5ac39dbdf6bdb7a599aec11639692a818bbc1fed109286681a5d15394	negative
4c75a8502039f9c40f09e35f12c14fdaa24a569639955db43babb62f762da509	lowconf
3da0fd7d151d32c2a64db6ced7f14bf526b0e2a923432ffcd27c5b7ed2c2abb4	negative
f5963cc6690eab92803844abca6a6c946ea1a6588e18808f28a641532347af25	negative
f00bbd1596356ed4168c8e4f712c800fe722192a3ff30faaa8bd9a9d06ecf887	negative
fbeb2f349dd896ea8567e73f183027ee323e79460f59256b3453fa1b919cabd6	negative
035090583b2662a33438faf3b8d7a26127d3f0a1ace5e01f4973a80c040df721	lowconf
5e4eec0dd8c2833b19baf8fe33f989a43810ce90b84b8fe9822b52f86be539fb	negative
1113f26e5ec5da9355f87c30d3e42fc0261585f549e79e49ffe93931caf19345	highconf
23d4b03d77ff7e7588830dc7047ab52e4dfcc3ad5e5ea88e1163d27ce48fdfe6	negative
346f4ccb6dac529b0ffa365337881e124b2cc1cb40f8a90d9ced7d9581326686	negative
eb42772c474813e0e16d6346cb8dc3959183337ce401d40267417138f96c12ee	negative
441c9dafae42655866b1a3e224bb9e6535b8aab3985fd6f97eddf94760d86db4	negative
a8df799da5128083c1cb68dba652c65bb69a0e0b16cb0177adfca070d3c1fa03	negative
70a8da850784d08ecce184d182593bb72d437afb0369d7b50e1b8a44579405ed	negative
1b8bf44728acb6a77844816f2e6f19565f609ced93a3da6686d0dad186a115d3	highconf
027df23e848b495ecfeb1db0905fbf1ec49e9e8f8412ac01bb33000dbdde87b8	negative
40b1ff595e4d393c6426912dec4d7691c38e012ba4112d63ecee8af8391ba41c	negative
6bb4293b7abe8c2fa7bc83b58c96611d3d852965f7be1f3c4016ac2c535fdf84	highconf
b7f069c461598fa21c03937a9921f54433fd47efd400b4ade7543397d2793c2e	negative
a8354d0b694ccd17ca40c8d59fd51c0d1e3354ecaf61eb4b417758705d3cf18c	negative
80d77f6aefdc010db905228b277c7b9836894aff40f3b5308cb6778f89bc725f	negative
3d96ed44a83ff9c91be3c2af372c20762027f0dfb4cd920aa91e52e768707605	negative
fa16e6b9b8775eb7e77a3fe8d202ace9eceb78fe1e46bd74e444b9f02eb1e169	negative
febbbaca0f4039acf3126f75f106df59ae49431c02fce2cd0c915a55acc026dc	negative
a6b55b12ac0888ee6bc633ede2a04aa49df5673a7c81c8a2835926347a55b558	negative
eab9eae9acc17e8b23509c7ef419a1bd3e0b4eebb19f8db4e27f28318ba4a611	lowconf
b42779cb41d16296a5272ed96f4c4db73d898dfd2f928a5e4fa26cbd387b710a	negative
2cfb3bfa7d967234a37a42662d5fe53265df50a3c634c91ba281b50d99fe907e	negative
14dddd9ec64dda4adf7a4296935a05f728d20d25b55c4ad157904fc44121c1b8	lowconf
3af2d09fa313d621e0bda15195e9ad33097382c259e1db09d91f3f068f4c5e72	lowconf
b5f60c42b8215d85e97844d46dfa206643d83c10d7018cc1fcefb3fa3abe54db	negative
bc6e70b142ec7553a4592df1746598fcc1b3d472a53e94a2fec6016057b41e49	negative
bc0a6dd1b07db079b3817db66a1f198b7a3e812456aab6b3a4c2695222abc351	negative
f9ce04a4fd6d30d08880d0ae264b488f0ca776e152fb99658375cd0b971e9878	negative
0c5f2b9b65bc43feb3063f09cc5d5b2eeedae9c14041c1344e71f36111aba914	negative
56df29eced589440901c5edbdaa48bd38e4a9662b5b70f6dc5471e583f5e3c48	lowconf
7f0c0a175a0c23cec808fa31d7ee4907f952c83ff557aebb3990d6b77344dd60	negative
ffcfab4fb32d24b5d83d8e245b8fd75b2405a1acc6b2c7722633bd5f546d95c8	negative
65a6fe349375f2712e6769322feaf94e64b7be762ccecad4056e6a4fbc8168fd	highconf
1fa2b190b9f292f59688cc1c91cf13931ded3adf23afb1f8098fbddf59810257	negative
b2202e5cfa5cff9569f926fd9ff780802e39a34e59f039e29c48fe40aed7e9a5	negative
077eee2bebc0dd8a4f0c346a07856be73812e2fa0f667101b59c68f03cc54d0c	lowconf
c1a20a36de0d931d87c22b26d381eb9aa47084e0ea1bc562664c64c320b8ca0b	highconf
5f06068fa6278eefc5689c9c68a3686237a503ab64ca58cf605e0dcde4857e94	lowconf
374d9d686c848cf256c85d1f2047068c9f65024d2919398da2a60da44286e656	negative
2d09c7294ae296ad245c6b2b0ea2762eb618318cdbe3a20af75b8b507d285d2a	negative
d1068d3822bd5a4beee0051fc73608a4be9bddb678caaeeeba773f34eac28039	negative
dafdab0e7f2090be45fea9246053cc18bd10d67f7a415f44d42bf11599ab2b0d	lowconf
36809affa8de691e0c83816afd3946979ae6019962d0f38ad81c198949d648af	negative
9bebfbba3a443b1991957bffc81a046009c3b3f57534032459dae76bad9a9438	lowconf
a4c1621d2aeefc464a5e06a72b71a4657e1697e92d65d3519e431971a21e100a	lowconf
07140092a7472d631e42894a00a1e85fc37676742cb09199003e7dcea02e1bcc	negative
a4da342ab4d29b822a953ae36e61a14ed5312822c69d4fb889f0a0f056a436fb	negative
15ef4764b41a29484027b4327067ebf1f9abc4093f48ca45c84096442bd15f2e	negative
c4f27b1964113acd7e21ac1ee4881d1e52f01553083b3ebce5f10fe01056ec7f	negative
6e762912cf549f75e2bf66a442ae8ebbf5ca8cac69bb1252f4ac6fe493f566d6	negative
000066022ec6b17dc8d5f41ee66a5d6642982420b6bfeeda98d6c05bf31d067e	negative
16fdfedb2156c0f668e12b6a7cc35385264643603c568b4fac63b3e286fa70de	negative
0672d76afcf560b3e402ce03ed6d11da8e239e5fc4573956abf03ff7e7bc16ff	negative
f19f1b6fe8a63c55b2bee92d1fd840e526009176c86b575dbb56a76af61ecc03	negative
13c67c96aeacfddfeead70f7a2e9b21e0b8b64abc6e6d5ea87ead0629c64be3a	highconf
912c63faf0f55443d01726cc6c9f1a9a38435fac8ec9241d734d710de5e042be	highconf
17066d69036587b0aa26bab2a38c23f2950085ae0101ac021e9c61b5efde0471	lowconf
652e9cdfe4f72588140dbeff9c94b903e18e96d239bc1c12496dedaf30d902d9	negative
4bb8d5ee1692e9d8576ada1cbe0b6368b322a6453502944983afb2308b884e4b	negative
d2887ecd75182e7e94ecdb4b611065a2986a18f1b17266071d37f322e55a781b	negative
8f13a8ba139fc7bf1679b2dbcebeca6dc762d301d7e0c1a36beea9583b3df954	negative
b66dcdd0f20a6292da32791fed5403f8254edac429510f3a56ccad82bc825cc7	lowconf
8fd2e37074ee725437d9f2b53f8c9c44c9f176d323d5d70b75031770368d842e	highconf
61fc583cbde7ed16a7483ff917d89b9684c23d144ab4bf2aae428d6806aab3f9	lowconf
9084b0e8d97db2209e70d819a05957887725e15750bedc70ef06b832066f367c	negative
441f996b5db8f97b49be59ea6f2c095a383df8e68957e004447427cd076d33d7	negative
32d88c194cf5a879520b9ec153a9a679ede561f9d8f9568e8f55e7df04df8b7e	negative
1761df2affb8a41d2aa5b89df15e1a833c2119f349a2d02ce7b6d831c2e63ba0	highconf
56c6dc2546566a00c483de781b9a01bf61c86eea78a4d147db3feb373ee431a5	negative
089161a18129b73b95222ebc5165e36b1c43048f3733604062f2ec3c34447347	lowconf
33f273ac9558cde39c0d201ec5c6bb36bd822f47e29c907639e09088d48b59b1	negative
ddcea0dcf12440c272cdc8ff15f2dc911a84238c5e5e948a54871bcd9a04eb8e	negative
e294ff4db928a0cb981a766ffe47b1c21e847bd591a675ea432f965a9468908c	negative
759a7ef28f9ecc5866c94932750e97c1e2bd1b5aaf7171e90e43ac5ba6754938	negative
f24c3c5efa5e6f5215441fa64aa84a65a6fa69d8aa41af9789c321e0aaa05b8c	negative
cad4653a2f932797905b467a96baa0e2d478155d6d02f3513db4c7daf638b875	negative
fca2364a091992cd0c40f33dcd3afbddaa9ce897d27eb1a2fbff301d1aebc95e	negative
6d69e589f3acdfc574f8dced53308bbd3a00d0c4e85efe137f26a9690173d295	negative
0aa565c6209a3ff2304f7c2406268107ac5663e4cbcc9bb17eae1280c8723ed6	negative
1c67d474a0817576a9fab42f14ce194637815bf2355e53cd7dc458078c3862bc	negative
81a5e987e9693b085418bdd5b6fe1d87c023adda775b9c867397ab1f1201b904	negative
198408e305f87c5db64af260cb9e4ab2ec5552114c2f387056e7199d43d6e513	highconf
0b44cffb7e91eef76d2b3f03bc6cf7c6ceab55bb255b040918f36be57f59af30	negative
47aaaece895003106ae0497aba9b65efafb37d5a6a6f4a7a28877c66e4582e12	highconf
0804710f32fc0dc13cd6f0ed8eb903762dfc116721c8a5b5002de52f1b95e0a2	lowconf
c1d63a036ac0e3afe0aa679df7ce8a21654881684804dbbbff48ef23f576879a	negative
47dccade91769088e051c072a0287630d147991f14bcbdbd180c041e7c23781d	highconf
ff5bbbfa01659b87d34fb3b57555b93867f59fafd50afdd58fc51152a84c5bbb	lowconf
cf9a7be9204df851ad4bd2466ad35a6df9b1fc0e7e08345a716ad914bc5ef369	negative
da0beafe4ad15ece990a4cc7de71a90e2bbf9b9a5ac0d832891d4bbb2dabe85e	lowconf
3a36c580d8867be0818b625654b5ad29089cd3e2ffb0257842893c2305e7721a	negative
409ab4846aafc87e2ef95f67054f1954f011ee09c2c908f74ecb4abfd2da73a8	highconf
5e6bc32ff4e9cfc65681b66fb0d99ee114a14fcc85333a243d69c0f3ebedb888	negative
b2db45e5f16291d89213529bf8f3a8638166d43eda358749b93f976cdd4bc67f	negative
dd6401c4cbf68abdf9f5e6d4c7cca4c2eb1dd5dd27143cd8e58405df1dc414a9	lowconf
8b3786409acf9b18ffee03b20dd821f56f75f4e06ea91775b508895230f53145	negative
cef67224fec5a8e6e91b166398dce5f80e2463e24a080dc1ceeba7c41fccf709	lowconf
20c651bceae040d7250fd4c224db6931b9727074239a00a66df5ab9ab2de4d03	negative
618c8400be123ed3415ff4b356c3d47b684e21621b69a2280355963703abdac2	negative
c618073f7c0fb4162f3d143cb64addac0cedd32baecaff619b4427f695c5f1e7	negative
36533f474946c1bb6b53c56ef5e691412d31eba889dfa1f32d75a3beae38e422	negative
a6cc8abd865a718c66cf680e88fb0192470873f5053adc127ed4ab1bea9111ef	negative
3b77685af233a1f546a23ef49b13e9a7597ce5e4c28c29cd45dc7d413aa841ff	negative
a44982c219206cade6dad5b67aa7928856ca26785b43bfc0df82a3016c8f4abe	negative
85548ac0c42e86c5101ba4ba66063e566336f0906b94a5b635b448bcc28e326f	negative
dbd6ff89d8ee1935921185fcdc85ce1a49c7e579ebd26a9a44799a67d9140a6b	negative
d3a6dc523f60f5f0bc10f7af70e818fae550a0e68d3002c97b54bf9641095e80	negative
710417eb0038a975c2eba88227c4bbf0f0b55bec0b6fdb37c5ba588af47f7b3e	negative
7f7655bc0beca45d23889be9d389363cf0561e9c3037d98457cfe75093063935	negative
e78eb9d0cda38a5e7e64e2b9d5c083bac9642f5cd3af80689027d73d91ba1d47	negative
c5c7b77e0a3325a47db0f7ace004faf26df4ed26e63a8208208d2ccc7a669df7	negative
ee18f48d8380db632ab6bbada4425fd80d625ebab14cae231b771606979c82dc	negative
4963874e57267c771b0daa5188aa24e13f6217a5970a8fbcb885f3f0d3c3c4a0	negative
f79c3ab7e1693b0fa5038da0711f3da29667b97410614d94fe16e03d3898ecd4	negative
f3adf8b568912d55e0bb2c716e9f4175228fe99bb29aebfe2e1fc737d6d8a7b1	highconf
5287227d3dcf4e11902c76de69f4f96c2d72522aaa9f1a017234302aed0d12a6	negative
bdec182e27c3929c642e6e65bfeb6d8ed13407a730b102f9df6326df7f4ae95d	negative
00416308c6614ba520193bbcb1cabd5fd50f00a8f4c122f6dcbb7485eb9f1724	negative
45e3958a5b2d79a11f6d23de659f3d73c453f2178b589750c4c5df65aef38b10	negative
7953c352f2ff6d311e201afc83136b2cbf6e9538886aab02ff750ff0a0472b53	negative
5d6a852a739b116710539a4526fe373fbdee33deee13d482bdf256d2c718e705	negative
849063eefef16745da6418424c317d017d2308afbee6a9c4a3cd8b7d0a81d2a1	negative
7320a57a9dc3df762800ba7c5a6d10b09acd2e6e638633f9e1a52b81eaa3080f	negative
edb06aae3fe41adc5eb50404a8d4c287f677d1fae0f913799d09a1aca1afc039	negative
e6b0bde981ed48fc9b911f94652e4c88088a01108618809f732dc09d5c54a86a	negative
91e9224bd7ab414616b6e35f51e7415694ca92cadc8cf48a62a21de970674427	negative
d8b02795a6379bd844d8d28417b542ff1f8a2d76d11275999f4ddccab88d5a45	negative
45e47fbe4d0f44a83c82336cde87df3b743fe94686813a9930a6d91de5e3d86d	negative
c90f9420f6ee2fcd348dbe8d0497b654913d35c093fa6852f6af5c06dc8c3d52	negative
0b521b90deca6abacfa8a4a1360cdef6f71f8f9a43b59307ee1ef08f39c393cf	lowconf
8cfc44f1826c0c6ed10135cbc29b5feb0c373e6ff01c144957cb14368847d337	negative
1ba9928d25c0d1e186645078e2ac7e84de6a5a6f5c3050ace306462f9fe3e230	negative
e9ce7e03fd28ff3e303f7c9658163364bcc7ca1ebc3c1c5756c50bbd090bc261	negative
9f009758ad1b0b48142675c32a0ddf9f4fee671b0c5e5fe59d8f00999b29df25	negative
9dad337a18e8c19b62de9865e03bd1d1c4ff0d936f05a0e7e303ef809082ca7a	negative
4720278a9bacf08806132f3acddd6b8b1a364f0eb2d434ad641e57bd70ac1a64	highconf
3d355676af17fef19685f572119793dc88f2e0163db5a7284acafab0d4d5822d	lowconf
a2dcaba9b6e9dfe3b47c5c8cbbea656d215c01b1a7325ba7322eb1b8a0b7a5e9	lowconf
b44aabc56edea6fdeef2f00d949af4ba251c4b69384d59327c9a015596dce5af	negative
623bd124a44986e83596743f91f0b37d77c63975bbf07650f6140086a9157281	negative
5697b1063c92ea6f870d4ef22955d1890a5e6c4cb749b3e89b14c27c6f4d9d9c	negative
8bed7b698b5852fdd8ef15e8bcbf1ed53a0829c85103a145348e807e53f3788a	negative
7f0fbe94b99de6e27e2a380d622faec3322f0d3d09cac9f19b17be15a9925eaf	negative
ece685b6b5aa6fe17fb9f94164111276301d48a7608c7133bbebb43531d7fe70	negative
4558a52a1fb5577898881ffaab51e3407f894df07742c225d9f85baef25d3d21	negative
b9f90691137389feb93cd0425d943001e5d97d1bd7f94444dd38a20b923abbbb	negative
c5cc85409d4ad9f4ab53deb17d262b2abb7086435c5d014721a96bbd038a8b7e	highconf
b2e1b7b2e2baab65a79c26caf2505ab0015f17fa3007b8406422aa137540ab27	negative
d1d8add3bc4dbd076e412930c6ccdd625cfbb87fd6a970660783c39744ae62f7	highconf
90d916fcfd9b47f5ce6e44631aef0815ce2d9275830c387e9856e61881d8ae62	negative
d1ce59372134640f55f5ee00cfd95988365e6611b5d53647fbe1d2eacb352fce	negative
ee56f223ee76703d626d4fe636844cfa2fe63457f53d02ebb11d86df97aeb7ef	negative
9a63e16a06e7530a2e292db70475163290f7d5c6687a224d98dccb20e4c22988	negative
7441e88303da9f1260923c2d341a537bade591e6847d8a630243cb6a3bef65f5	lowconf
19e0a4f13bfc1125d8d74ba6ec8a90fe714b00b315193e32f1b1c76b6fa5c40e	negative
319dcc08edb68ed543c86ccc183179e23529b292cd621ae4eaf51c6e2a92db3f	negative
dc250d78deca504d0b4507a4e527fa610e00b55b3f78dad78edc9409aacebc7e	negative
ae3c0c30054b419bfc513474c6ba537bd40bbeaeef2507b6499f302ca5ec335a	lowconf
13fbeec05e5dc9221fac605118fdd5e9ea745d9e6ebd1886036459ab21829e6b	lowconf
89814ddc6b7afa7cc4f953980c84b28d289ac2169ece39a58d948dfd5e1dda9e	negative
184a6d7a2610314710396f85fbbb125a76fa28a8215730ed35104f66ebb857c1	negative
a70ce4dbb26909fca7d16351e9906d84dcd259211f12278482bc68447deafa3a	negative
a82e5125be79bf8e5af5a822fc82b5443c7a1e9be6e791eec54de26d339666c9	lowconf
bda5702cbc265ce312596b1596a6c898d3537a1f740df338a57f382c55f723d9	negative
2b8fe69bad29d5c47e23388146cd61c2876db7a516608857e39e70ccbee48e78	negative
b40a74bdd6ab54b897f39854abb137655de585f43f68f8b03f1a4514000243f3	negative
b4965bac8b3f60921797c2076a9def743f58c45fc82f3430a8c4b99b002c5fcf	negative
419d54f84ed806253fd0fd5d036183dee1c29b493ef702d60fa938213fed6a99	negative
bae6f8946dbde147d0c89d8acfd65255ae0a6b94372cf828fdf9776d2f8aed71	negative
03ea428f83a90aa8e22078cbd11e9ebc4216c1b1451c17fb0d7e247d232ada11	negative
f6c41b2f46fff066a5008c093b2685d73b8ddf1707e1bea137bc0af99c9e1162	negative
99d0a3f70c0b0f759f540a3d2d35e7b94fec5848a555f275ce7d5a06aa8070cd	lowconf
64ddcd2f0061dad26c2604e2a3abe299453a650f99ade21e90798f6813df17eb	negative
04434088739fba41793b67fb9ecac241b5759a9841923fa44d06de561f11d8ae	negative
783a3fb73fbc77c80fc203a9d1963137e1d1d5acd692d120a7e7766f8e603875	negative
b21333c124ed8f0e6e719c09c812d6f5adb3e0a5538e88db079b4e2866008ec6	negative
c9aec3a8471c5f262faedca6a4896f3751ea331c67abbba05621674e7cc5284f	negative
7b3bfe65d16f16175bd06cae4c4d0db872d8673cb7089d851216e1b397f64de7	negative
752a482a3d0db4045c0cb33250ce6cfc7df374683060571adaefa8b7a07bf99f	negative
2adb77b3daff82240acddeb98c5f2dc834937e2ab11690031aaa0dad9693872c	negative
2913af6519851bd51dc4aa4f6a6c68cf007d66b3811917de12a0a4914f86e1ef	negative
af0b6fc84302e8032521952d2927aedd64f275074f494ae003916e34ae770fb6	lowconf
920c994cbcdf7c0087bc5222727f26be38282eeb7308810994d3ac32ec192a83	negative
c59869473e50f5facb25846b70228aec6b8a6281d6ff0a248d3443de84dbe491	negative
42198e0fc101bc9934b45ad294f00bdf3afb59792139e185aab3b851ba953356	negative
a23a66dee72d70884c705e27768fb7f183b195103fad03d81aef9db0f4643f76	negative
b6518bdacc446540103b24a7a4d23c9c178e0b9f8d4a29c1e378f966e0d9e525	negative
e2ef0674d0b2f6838f12fcdefa9ce1587f9bbe9afacdf04a3b10dabc540401ad	negative
5c797cd5af52c76bd03e1bdaeba08ae80a06cf8bfc565941da25864bb2fe82a3	negative
4f733645d3a57238bcb54a32e103246f7014c5d2192e9eafa6e9f699328a0c98	negative
25b946e5c27e79c022b434bf3ccb61929a1ec24bfab63b81223a56545c3618a1	negative
a5803f9bffa3273c200bbf97147d7df09a5f126b0ea16cb891508195ec1efe33	negative
498cbcfa4cf8bb8258342b46eda47ea5a21096d1a9b6e72f35863b2f1b0a9936	negative
f851ba8a201462daf1ba1d315a511f4a95fedb192cbfb6b5a266955b32370233	negative
68cdf3c5e62ac8317cfe9a24fa18c36d94f808360df7fcc3d8a15df4555c38c5	negative
b0dc5d02d71576609a3865cd00a1ccda9483073ecaac338785478ac2b864d55c	negative
5df5d753aec1c1deef25a45cc676406c067c9b737ca09076ce7200af22253351	negative
2267eb9e1cb4de6088e8986f1f801f60ff2bdccfe50a6fa1332cc121649bfca2	negative
2b1b81b93c79e7314b1f2b5463d05a90ab395e2ea8abadf79a6df45a6d70d166	negative
dc5f9e6ec4bcd466c6c92d50f867a9b7c20cccbbfff70c7bca851bd7a88aeac9	negative
dceb151726db64ff9b3655b37a7cca255e0177d8a19b92db9a4a0d059dfe1f38	negative
d0d8496921e7fbb09964c2a1066fbba73aa0863ae21d1c372a339dd4447b58fe	negative
5b1cb652e5b56f703be368352e8a2343b079ac4a76e221640891bafd0f3e191b	lowconf
55f16c93488d6ad723b6a6d0dffb34c145411d2f467b3ad9e056bfc434410cd5	lowconf
34675ee2d20ff2f9e9814d2b8d4fefb9f764f6aabb5db0fe46a462e0b59adf3d	negative
028e820c832ba059e324e4b6a838784c5ad16d660b531adf731482939a9736ac	negative
2b6877b76ff0e1d81e6fca0b92b1f51093915f9b09e9e5896ee64002016646f6	negative
34ffb9b834f6037dd1858d58933a4f6eb6738b510b9383edf7847de39e97f9e5	lowconf
52c8bb32c577173c5cfde78b1b1cbbc99044653cc63fa4a9b2045ff6acac382c	highconf
7b8fe22d60e8e619a2bf5423b0e14c381389db24ce661d97824aaacac9cec1f5	negative
b9e5d225af8d3289e2246ceace2ad0088fa84402ce1b8df343434c549591fff8	highconf
02e1056f4ddcc6fe24ab65bfebf391e79261daf2735eba8ba1018e227caec9e7	negative
86db943dc2f0f29fb3097d3f41919290b6aa7199b9ad998ba75df33f0dc49956	negative
a893da446eab577df6af1fc47bea97eeb4ea816d57e2a4b5d0519aaf4822ed07	negative
72e1b8147ade800484ff768015f33e3b988cba84d37ec9e30e0377e6de4f3f46	negative
62c7b510c2bb72cb002ea7269566e407a223dbada63e8f3e63c2ca167bd7e7c0	negative
edbc98c8aaa0d040792dbeee9b4657d69c5cad756dd07289d24b0c5b91e7273e	negative
1a634e337b5b5c8dc059cecebf9d648bafbb121de992bc95c58b3d7bc83f4c10	highconf
cb2811476efdee02402ff0755ff997cd56578b725965b937773eace42f013711	negative
ffd202bf653783a0480529563f7aa41e0904e3f6b09a0f5904e6e9b54947ab73	negative
d2044aeeb8f39141927e39888e5b889c2dea1c326263e887ea51bcf20b3f8d06	lowconf
6ee6ce644e3a119dedfaac30a7a2b57858605b4d0cb0872f57b4b30b53a178a3	lowconf
3818a9fac651451e0822b9bb990fde6d71b001523aa8b26923705a6cb0b23c93	negative
4c184031682839b2f0a84649c4b359077c43375f40645253cc83e4dba604fcaa	negative
b43e2bb616393fc5576599a76dace3fdb7e831e40a86996b314c621651b247a3	negative
7408469c326fca8f958485872200ca793f9d28cf159e46e075b0e648d2460a46	negative
28dc4d86f3d40102de81a44947c5354aaec764de2d6f34df43d81c89beb27a18	negative
6545a12ecb2c08784d87d3bad87aea89d6cd98a9759bbc498655355a37bfe39c	negative
34653f0e348d3e8a2fa14db176c889a6bb2bfa1b667e99581b74957321f94402	negative
dba7af5bd3020ea046d29169f789e0dd02ba12f6644e2b41a0d140998374e4bb	negative
ea49c4f53582af6d9bd6ba3a525517848adaad3fe46fda4d5bcf4163b5cd0cdf	negative
10befae35c52eebee35010923b306f45c0ae9f03a3c605eca6f98f6949943384	highconf
e9243bfa4eaeb2377b0cde1bb59228f8a58e3728187a7da18dbe3feb20eaa6cd	negative
9b8125882de7066ee65b6b052e9afc63a15189eb75194cf0f69124163beca560	negative
cc992f35aed62b03b897ed02a6a084df016c63f6f0c67f30c3c81b532b2b01cb	negative
67d6904e433880f14a19689466932a2cea4eabc50a287ab57a9a24541a2fd5c2	negative
98d2560392f056c8d14cddad352c66e725656be1d181c7a5fc80d51fede1546f	lowconf
dd03cfdea089ee192e9d115d40697312528791b0a2526b7293efcfd67304178f	highconf
b98f19ed7e92249f691f6f71bb2ecafea91b87b747638ae0508e15505f0c9263	negative
844574b4b17d555e39ccc1c53b14dfb9022ab3537e1fa74981aca4492eb0f399	negative
ab51c3d2e750020a4421dffba40bb5ac311c0212a76e94740226ab3c8c44164a	negative
b3b106e9b341f4b611254899321c24314f9c8c6880dfa8e03c6db18707e617cc	negative
c328cf8ed2eafce5f894823420fcad3802dbb969831efe37d260e34722aadae9	highconf
b0a8168667e1de99dbd70c34394486bc71500efbfdc914ebc4759e2471d2a049	negative
c0a1450d8f4a56ac70acd03a44ef82b9564dd013530c61a9a9ae4c5414d5431f	negative
d2b1b53c8903e40b287ff80b59c7b7df2f9036d0faf83079c35af29bbbd13cc1	negative
953678cc2658b27d8198cdc9f1c09c24fa3d1e5946a9a19c9c71ff8c6223f56a	lowconf
6a48a8359b0ad7b5e9f1cd903b459774a6ce2ffdea096c6a73b60451349509af	negative
6b1d15fc1429ae5c31f91df97905030f9342c4feb0b1dd0a9c387118f5e07439	negative
76178dbb852dfa472df093e1b9179d23f62f258399a223d6e943aae31bc228e3	negative
f3f29eb5e79c64b07d3ee223afcb8feb6ee8150fa73759b330c8b756d2d7ffbc	negative
88e338e12bc9eb527f73c92ed690811be2af9b3ecde5be3f581fb266815ca7fc	negative
70a371a6d8f1ec08e75887bcf2edb32bdc2239bca81d328cb1e08a91ac794d2c	negative
eeefb0525fcaabf422f2e28154e1816b56f0f3a891b85308ffcf90950391a9ef	lowconf
f173c07b1d07663d079ef02c5acda0487f08f7f93463d60ecaa5497b26804c31	negative
a31a9cdadfa4c0ee9c30ab81f37609098ac50f5772ae69f29e11250be00cb84b	negative
b685369972939dc26c3d6363becbe9f7958d7d2d48c8d4d82749a9d548c7d0a5	negative
4e118082d2a2220d9655308f56d0dc6135eb660451daae8e9d6cac116b765bfe	lowconf
77d0e6ec75fe3fa10deae61a65150627c96ed702963e2496bc19c27a1c485cd8	lowconf
49e3e1db21ae156fe18ec249053518de520121cdb2816c93a8784378bfdc6efa	negative
9d146989b21fa69888dd44c26d80b4d3ca665bed1b293e9b17d9cf7925764262	lowconf
037b39fe7d2068b2def8a09e84bf8d58430300974c1d832a879f91a9a19314fc	negative
f23fb956e87a2b2c1365c1c9c6b68f9cdb0f0a2917d48d9178487b617ded7de6	negative
883248fa93a2611a60d90a32644e6e3c2a9dec4154a989a78fa4137c4e698592	highconf
bebeb64719f1a17ac9904cdfc5bc46e07856556962670e246f554a803fefe85a	negative
70c49b061117114a47ae347357097dc07612c88b18b4bc4677735e498343adb2	negative
eda304ec86d2be947dbe0e9dbf48399727f62ff28545770d0b385d7793b408d0	negative
d6c9467924d0e75a9a6b227523ea327a6c709e8ebe4634c5a13ae564464093ca	lowconf
10c333773ad80b4f8d7791ea2a0336f558ec9dda88472048655f7450b318955c	negative
145511930e37ea2d5af53c96d984e0a2824d9459bebe325214b120416b203803	negative
236d3ab0cc29cdf5494b322565ffa87a33e979fbe4efcf02a5e03ad1b6eaae54	negative
afc48dc9336fa68857539a0800bde80d6669092551c18f8b7e51d6885f78be6d	negative
39c5a45ed6e6be71d45f97789de5b5c235d80e0019ab7359c197998983a2294d	negative
9f865deb9f0a951b07703e035d2d636d86ce7ae6a66948291ac7ed955e92148b	lowconf
c76952c0e70351ce5e70736d74b997c88af0f0c8ebc7afd8b8a7b1d28029ab94	negative
c7ddcb236ae4a1b91d15122b1404454e248ca0403252a1eb4efd1ef75c65bd80	negative
d68eff2347b8ff21513f4b3b4c8a148635796970810ff615a0d38aa574a375ad	negative
e848a9498a431c5c3fb1d841aaf8f579217720520ffa5afa7e6f0a00310a42b1	negative
5b5a3740a48760d39fba5f84a750f66186f5d9a0bacebfd57b43da5d4543c5a0	negative
bf5a45fd8cf0badbe21b519350f414a6c610e452e2df157d205a9ef528228cfa	negative
9c81059607c0aabac251a06f36630f3999170b6953fc811ab9405cce900364d7	highconf
ffe24b3f6457de7f239da9ea8925fa2a5e52bd91a905ec0f4ffcbebfab119d17	lowconf
04a680b59ec5c279654b336d38bb0f08ad295e4072c9fcb7e71b811ffae9a6b0	negative
38f839cc216e17f16810a7a2a1c4a0b15552228634c076e84b0316e61a675780	negative
5fc8aa97ba5042aa520cb148fcd62f428d50b4992512bdec14dbcd0ab1f379cb	negative
f8046bac12f9313a01bc962257a6234fd926231712cc1bc8ccd8eb6a29c69321	highconf
e9121bb2395469c1ca8fc7c1f722387339b466a58f97dbe9e701f4c2f67b2cb6	negative
474d700787e524ca7cfd92702fd267f14687fdc732c689529303a24e2ac18441	negative
5b47dd87a655050737fbd77596ff862840333d4d7d96201dfc7ef274ea2c3422	negative
cddac1b7b658ef5ba8d9091433b27c7f70a7bf75f622cd92cd88ade73e7fbcc0	negative
7b0a8c0cc73ba3c3bb2a432b68ed21d1665bd143058a9ad352afd26a17e0a6dd	negative
a690574dd454eb0eff7e5b421a968216a21672f6698324f07a70b01f6a1c5305	lowconf
b1a82d5bc466b62fa29c049686a4cd7c57089427fa3606b200763752b7bb53d9	negative
75b3242ab4b854d069b41820919e98b3ef30c3af13b668bad3af2c0e62e9a7dd	negative
227b8bda1a3102ad38aa2b330377402a13dd154f94659c5ccd245cf7d0b29133	negative
3ed97ef2d74166f73e87eb07ee1114454104c13e299c98d7e1310c5ee39e6e64	negative
1cc5a9438e1ba1971557f49ac4dc2addafdd640899c73c009f2ba9f217168587	negative
09ffa129f2f1c81de28e74c73b5c0a662072ce928aa002556f4007a7206d5ca6	negative
908adc6a4a9c7c95d64a692bdadfc4e4da7f5236e48e29e56799599ee36eef41	negative
ecf2f7a7b4df093a7b5ced6f49594bb4af59c52e0e46d0f5cf1b9fb2c1f0e848	negative
6678cddfd7947d2c255ea870e9fbbb7eb38f2298d9f6c223534c288d24ba372b	negative
f92c9e7f30db9a1e368ae5deb2b34759a503bfc7230e8a7a7e67efa4d1356d58	negative
83fb55fe0ff903dcd38e14b27115e4f7732aa06bb7348b956f2a617f18b49703	negative
acd991852a618127a46b79a3ba24df2192c481455096fd28e3a347f6d4052397	negative
e55b719470e8e99e9c81460d7bd39f2a08db63e8a68d4ccda87c417f87dfdc6d	negative
2fdebb5625cdf1dabaa344ff2dc4de2d1e614da8ed4907b29385e9202f9c32b5	lowconf
781929cbaa7fc2d8af2198bb342d694119d4f0ed1ddef6f56aa1ae498c31f81d	negative
2838a4e2dc24481858801aba4abe9bf81e604e15ecd31135f58a628a1f9f5e19	negative
c702b8d306c22b2fd586bcd16368a8d4cdc32ce429cb06afaa38711341a77825	highconf
ac8037e6e5582346a95cf32a7dc8db6a58c71d1eecbdaad0751a066eb0318b86	negative
fb57b7fa0664e8dc5fb0a3da503f0a4f758b9d49bacab4e86eb368e355965bc0	negative
6d239ab86ca2505f4b6e6cdc6fb833117fe9f84b577935c730b7a789d0933d92	highconf
a2be0f784eb45c78a28d80f9305e39f6e4748bf08f48bcb84cbe7435da5b4631	negative
583a6fbb6da65c34cb62b04b3bcb47900c1205835ec74ce9e9ca6cb89f02fe36	negative
01e10e4163f5c9c4a64e8279ecf122777bd81213a40bd3cd4c9c727323d392fe	highconf
a646f24d1f790023dcb6847c7d87ecb33205ca886658595c00ef916ace7ef270	negative
fc7b8072f84166a140f97d9875f98e744f5437edc7889fafa58c8bbc9bb8da96	negative
2dedf0b628a0f88d4499ae197fd8ac6f12d385f35e03b178e73512803e744029	negative
fa7392570065759f4721d180346403aa97654a0353a66b44b9d2b442c46b2eca	negative
217607b06da9ba2d9a040b1b6e712014baa3d8376a28d023f47822d467cfd61c	negative
6c8efc18e8ecf29e0f9cfcc89130bbd61a84916faa82a550cfd26983a5b83794	negative
e34fef583700a5c916fb0800fa5e73bf6f762265e9a2ac73ed8bf05cb3f80e12	negative
d3bed41f0b42e49fe91b18b3a001d0445e50331bcf1a7fc5ee05d314a045cff6	negative
220d61c324750fed7e9776fff312c22a4ede0854d50429c0e8eaf6f0921bc1a2	negative
c5940854df66bb42fa1307ea497daad7923cad701067ce4d14e93f0738ae20e5	lowconf
cc8ec34f5690c0f2d5a6c9c22f17cc8fd6ee2e12a68f86899c713b77393ce7cd	negative
65efe782de7519afca7741fda4e3b86ef769b51d70c3a0e2e86d09cc857601d0	negative
9257389948b0ccd47807d0a642d963ab91434b67f33c1e3d049a0b4e56f10f1f	negative
6d3035fd0762c91d57918906af7f8dbb1637300b3596ecf510394b7eae93fb34	negative
225a9a60db3a8474a5d1f40383666ef4a69d57d8905b39a95b498b43a81b75f3	negative
3999bc11f69d5d46e3e3f19ea050e0a5b320118ca1ab6e977358375e9487e1cc	lowconf
682715d4d9a99381591666558a625a186affb948cd3f276f1a05b2139d354827	lowconf
eb0ed0e9252007be00c353eee68d6724f7aa4fc77e594eb8bcd9a6eea005d317	negative
4905303eee852dc5814cd7648ae09c01204344b2f87b64b8923623ae5bde918b	negative
7916f2ada8802b34c870c1f02966084467f705fc47c1e430fd36bc8adbb60244	negative
b69e29d0e271955556c9cfc39e997add6e8e5663c876d8970b13333e8e0bcb98	negative
cd0fcc6359e74ebfb85f674071c2b7655d9d032d6e8b32452d89fc6c8b98f439	lowconf
0da9dc06d55732174f51e87880558e1b8074b61726fa5922dfe10608cbe7075f	negative
7be1db7fb600c17e90804ee0767ae7f3014270e23cec9032521986cbd9c3a43f	highconf
de6d51429b4541a963ad66c6e48747a131cea58ebec2f6801fd31edb51b9ffe1	lowconf
c06e9068778b2c8bd7d85da8087693a57ef5411aa847e8e23bdaf5745e1b729e	negative
39cad937fdade991f11ec63b3a3009acb14e6b4fb405bb31ef1340df8b1a9dcb	negative
e40908bb440a10154f3a4f5fdc978ddf8b1f61d659320c6fd35c200a818fdb07	negative
d8f4ac1b3ad2fcc17d5424afe022fd13fb0a9fca78f0768fdf4df9b9415873dc	negative
f3fab7b37b11020563bdb421ad193ab19d2b452836ce330f567dfb486d7e0a58	negative
254a4af346a9447c39dc36d28a8d54efaf26a99455eeb0b242af19199d12898b	lowconf
fb109b6b313b31ffc29eeab5548a13b4dc817db248238660e679e0bc9273712c	negative
27b401f1dc709b5a24a66b9f524854dcf2c170386574686503dd984c813f43a0	negative
83e7bd8d6ed12223b8f47f32f7d019ebbb706aae72750eec1a38f5a98490e91f	negative
a0ce9289367f7618792b4d8132e85a17bf49804501f09c4b98916cd7cb8e107a	negative
4037a4739e807827d6158e2d0c5fbdfdc262498907f396de4e227c8d1c81f9f1	negative
8327661de0da787dfec8485d037452eedd1ab262d1c1d30c38b23cf866117a63	negative
29cccec0cd5f79a397a2e4f34cf461acea96f7f78a29a03f10f5bc64783197ed	negative
7483b08e0f1435bcf6f2ba086673201bf7602f038066fb0db94da237465bca28	negative
5833686832f487ccd111d76ce0a6a80cf7762831b4e1d12418c77fe6cdec612f	negative
80ec72832a1f8462faa927c11ee6a345d41b084717b699cbb96c080f01aa510a	negative
0257b01ca53f88884f7f6de01c6ab0ca15d9df27f115b687ff2aa867ab5a044c	negative
a20d132606d212f23a9e4c31d215ed24ae7b839ed1ef9cf6de99551e32d755ef	negative
0ab6671fcdcb1ba905ea2e5444efa1c27fa8c2b274d3fd3fe42ed2ba495e538a	negative
0f52bc2a489c346ff88a82da5d5d3ef6d0420a6f13353dbc58bc770a75347cc6	negative
36bb4fe252c09c3f1c0853a3a7a4e5259373cca5325cd1670a0a35c260dd2aaf	negative
69efe2ff4969729c686ba0efb9c6cef038762219183ac08a87eda458cec30d5e	negative
cac32ca1fd1076ae1d25df58376eae9f199022b350bbd82aa4d9795fe8636416	negative
6f789442c0ec53ac92f2eaf850218313536dc5433dff3866a18c1daae43a0c93	negative
ecafa321256041b76089fc90aefc25a2169598e707fbe6f1b76bf9bcf7a13e41	lowconf
fa22d94f61f2c8d5bb95b463c611d593f7127606886f80b3b7f6c8d3fafba6d7	negative
32815dd963e4c4916ca16a562222b6ae7d35c90dc880c914c26976c648752e67	negative
d9d6e8d6f58b97b3087754a35a6fcf6990f4d2c9a26460bf7471e55cb60e1571	negative
e6b14729a57d0bae952f0574935c69d35746fc4b5addec7c61b55f3feb56f8ef	negative
77ddebe873cce3e4f86f481d5a47a6b642bf56ca96a94920f839ec0c375f433e	negative
f89f6da0a60543a15d6641569a33f1d722e665bddeaa9d4100751577056b21d3	negative
dd70ea6af4305e3a72750e15e3568c5cb986b8d43897412f6b76f7cbece1513a	negative
04357da6243062cddcb902af4c599824d4b80584f5182a9cc7117a0d79117d3c	negative
acf1b64fde5c35a06fbfb2e497bffb745a9e961a07649b8867c960141e090f5a	negative
25fafd557684cf6f4d7cdb9bd22f2eb26764c4a7744b545b6f222f5cdcb35394	negative
c7ed59a1e417444188cdd574a414ba618497f1146693e7704e30aedcd785335b	negative
e6e0b8703df890805aa175b7ca4807eb604bac2089729a6aba10bf8d8ec166ed	negative
7e905df44bc6337771f9ac610a59b089abe3ff665a5ea215f3d1b5ea5cbd9c4e	negative
f1996cf30747b84b4aca51c12597fe303a1b4210b39fc0da339093087e1ca20e	negative
2237d5ccbd2beffcb4dd0b17fc63ca7bd8731eb9100c0fbb99728b6310e5f6fa	highconf
ec88b45eb737250fd67d3121249ccb4ae1ca3da98c0239838484c66a1c8afc58	negative
c5d9947985e7a4955a9d0f1708767135a7f1a6691c023aab19375843c6995877	negative
5cf5a75466dcb950c38f13e8e5c020c04a8f7ca283c34c0ca94065e80f8ace97	negative
a9ab67d069d01871068849ae69dd75dc1a2cdd2f4c03e2998339ed97a6592188	negative
4b90e5adf44442b181c62f80ebc898e384335749e046af32d28915337e9ce6ce	negative
d0e1607c416fb2c9ef28fe05fb36ee80da0e826856f838fbb11665854e571e01	lowconf
ee1c4be3e67a22cbb07807c0635fc75c3e9178e546caba1ac372057b06ffafa6	negative
9f8f33727c8d94e83fad518258cb78240b4ef5983ea1ef85fe9d9c61036cac7e	negative
0a23d79337f25f7d235c6d49f9cfd7b57eca5c7cd110656700a5dbae2f3350df	negative
a9b6f1851e380d593437b00bfe79b7fbb81c2518f74fb9df4aa231792d301621	negative
f4f0c6f5b4d937df701159c53940ea12d5f138f4833d6250a3e2caf7a038bb57	lowconf
09c530692966ceca262c7868cad01f1dbb7d69456ef568120993e5ffab69ebc3	negative
f0a42e8810b6d7a0192e8ec9b1d64debe7b3e08c9e035b0a2238ab38c207bfec	lowconf
1713c022601d9b2a98297fafca7ca8963c43611defb6a3181cf92e04ea4e025e	negative
ea0eb9452d4e48c9d032e4c27cce57ae5d862ebb898c3466f2a86e9138108eae	negative
7bc4e77f0e27db69085d504af1e6d2f6706efaae621134d1d54ac91d280a88fa	negative
430a835c3b82bbb280edf630b41e6a4d911ea00a626444e9eb764e3fae7a525a	negative
04093974c2b0342b678999016fc89b1ba117b40350cd82f8c2165db85e6433bd	negative
36408a0e61ac6268a015c69657af3a0d014e9872e63b5b0f16f01a4f63798226	negative
242f90c13e94cc68464b1b10e72f05a8382455d527bad1d45ace57e12b924185	negative
235dc426e624e1c4482516dac46032157898e822b1f8fed7427fbed154cf9fb7	negative
d1cafe8af733ffbab4cbadae57dd96b89bd6c48e74fa5042eb1cbf2bd8526ef7	negative
47bbb02f96633a5a49e4d04591cf268340013da61ea223641eaff613ebb00066	lowconf
81a5e3043f82d7f478ac280c81c33dd8147f67e89db47f4a85e0d4ebed62c2f3	negative
6e978ac50e4baa5e28905afb490878e525a181d7355c47432db76e7444c3066e	negative
33ec0cf1ad827d5ebe099587a7734f0696e4790d6a496dc2c4fa001a33fa8c84	negative
7abb208cb0cfa15cdb52e6813dbde48179ffc3aebef07a29469156967b051bfd	negative
1067ced7714dfc7f06e47ad5c80de9bfb71e8ee47e496e7647afdf43d71fbd32	negative
e5bad7421fb1d5daedefafadf3546fdf348b9583afe653e6e7d031cd527a276b	negative
500d0f005fa243c27d1dda6d5c0fd65fa9cfe17de9c370029140bb4f6b641fae	negative
d5213c50d517ec2b6170e5df74443ef6028598b7f7337c098af8f0d13f5360e4	negative
991f94403d9fe9bcbdd985e8eddda5e873e91fbd858a99ae38b6dd90b161fe70	highconf
ed3f03c5d4bf713073b1102728826a208e80473a08e3140e6025aeb369def97d	negative
56571f8411e1184c522cb7de8d843d6a04a75300d3f335d86e1f299b3b7f6b29	negative
cc29881db9070ae2b1a53fbfede341eae613a005ea7651c3c3c56b8a87db637c	negative
5861e6bffc0c0e74d4ee72b2ed1a449bdc2ffe24d0666eee0d1d3175e4878eab	negative
04009b437b579723bf3043615963dd10fc5722efdeac7929fb2c14af541a1e28	negative
65e404e9f019d0a1a07bfb8024feb292e59a9f08e8a10c27aff691641f68209e	negative
20493ba398e9f5ef3d59ae21f505047567dcffa0d00e2cc6043a56dd62b5cb1d	negative
567ecc9f9ea78ce5263e6bff9ed106c8e1950729ef916420d14275accc3bac36	negative
ab9e215a67b8a9a4e8f292332ecd069adb6c310e75b3153e7f920b867d8ba906	negative
536bdb75fe4c4feb09d9c38787cf2a61910f31028723e8f8758f38c03ffa852f	negative
eb0455c4e4962acb0f0bad8cd29cb0e6835c576b538970bd2df6f61f6a872910	negative
8820fc9d60befb11ae7dbd95cbeb2e7f3859dbe9c34c832f244e7edde34f29d7	negative
c14d1a599d54969df195cf57eedd0e94550b3fed7cedbfe90130700662cd1b46	negative
19a84db5f063f23231a95604fcaede66995b73d78235528f90386160caca192f	negative
974c3ac3469bdb1a89e247bab4c73de3ab99229c865c847277d39ccbefe51a39	negative
efdc6ee9a3dd0c6c7a46f461774ac8ac1ba3aafc63c9b5456b8d48eeabc7295f	negative
3e877dd6615f1efd661176efa327ff05c038a7f40f84b1d4f9b0b313534dc469	negative
19770a1f51c503b50963ba0155e95cade96446e471d782d9311e3901864a4b9f	negative
466838e275e582337eabb7a5c2c44a2323e1e110543237015d621ca4256a2a13	negative
6c592e3295eaf9d58159fd26328bd25a2a03e9fb9300fc0f4a22cb8fc6004554	negative
05bfe621519de5375fbd609cd4d15fd7015de2e2a23ad82116d2dab82762f79b	negative
9955d3be569380dcb4ce0a1195204ffcbecc8b025f156a8b3a5ff98f6dc715a2	negative
06387103a19b2b4fcb15a295333ab5628f60738ae38004815c4d5db0893075e0	lowconf
b5ec7e0342db7472338fe250b16d067a1baba977681050953869d15e650be73b	negative
219699f132cc3404799e77f07ae829330c2598ac228e703fae49635319134ca0	negative
2b08c2088b542aa9238538f29ed97f62da059321b203cefb1fdc079ea4b200e8	lowconf
d611ed18d4f4d18c3ecbf3d60de6c26f3e35f71aff60506d2a85972ad28ed9e9	negative
a8ebbb92a1e886d91b209bb046820d5d90253b3dc400b25181c5ccc99422ba51	negative
20f785221f884a5df1a9865c0eb2766c068090c7cbb3ff7dd9590953285fe514	negative
55281d38a550ea41045398fff021aecb76511cdd91a8283267c1db9e92f62c56	negative
96f75f879897158cc8b31aaee4bd0ee57d542d9d8e8570c16e984a3f33bdd3c3	lowconf
fff53bf3434db1fd7b806ff2e345fe6043c7d521d038dc2a0fb0d9edb8868ceb	negative
d0ac03d50e3862103fb41d791922c4389be33b74dbc1bfff4adba3db34f3e10e	negative
ffa1c50baf91a34c7108d66742968c31065d3cf273768036927100ac77ebc4b8	negative
2a364272357805a25448747e1b611aa484fef6c7f38dd23a7a73dc8ff90d213f	negative
9a3b09f5e4fcbcb8db10247dc01ef2af928a4d7d89b8091d602633cc11007360	negative
7f339f035b27cd2e7f1d1d4b5e2981549f908c3536ec7a052d8a990f9fe215c9	negative
62807302638230535c798719c6179a7c8fd9a20cdaa3a787fdf85e30713c20a4	lowconf
003826b02e863b61b185ffeeca433f10c275e9167dd986f4c197a2e6e5e99f73	negative
cdc744c43ee95765555157dc4cc6507160d41496ecf897e8f6aba75cd8097800	negative
177fd901e9bac6738590154eb1544bdfd60935b8196e8753280800ee0930ed6f	negative
60c7ae5467e7d0017482bff64b5f68293d89ec5a3b0cf59e33139bf8bedf7a05	negative
b9645ddd1b57354182de0a7e55c656560c162ea8f00650eaac8983c6fe8b3421	negative
49984de6fb2367c7314b9a1aad842c71ebb233320e9707bacb123e61e6761035	negative
b083ffe5c8002b590f4affa201500528457cff8bdb801ac584b7fb4e33a4b8d0	negative
e66589e83950a5d95e58fe585133488b68df933f6719eec14a3f289b479981af	negative
6f36bc27698ac362e39409a79d836b3a2ec87aa38cc968eb95db5f7de08024c0	highconf
6b10ad1a0e6bb0f9de720d52d8ccca7a3b3d2a5af5e4fe2201cd9a66f049dea0	negative
d24abb6cf430bb21dbdbcc2c9f4ca5f4780be40319b632b25936a0968ae952e2	negative
103dcad69339313c0ff22721277427f7fb2bdfbb93c8e74721a7064eed9730ea	negative
7067e9305a4377265b12d520e01be9c4ac713f165f9633cfaeb9a983bdd5f38c	negative
255ca07f75beb2418d62016422312f0a58a413cd46f71c7499d47a15e36eaac5	negative
595ab9b22f2440988ffc12ba9986528c4596f2ff742b7dd0c348b4fff2a1bc18	negative
340c48e9aa6b57d870b2ee973eba4266d73145366e2337e9d665053c3a0fe4da	negative
3fc670d34a0ed28f8c6da2949c4f10e710f5f4d4628e8d3de77270e26a217c03	negative
fb4eab1bba7923b731943e3f9835a7f0abb612672708d8e551e3060fdbe219f6	negative
150771aa24b40adb8e18012190abbc007c89c663b526865dba8312191f2826c5	lowconf
e9f610d9f2d2890d1ac091f541dfb82e046ffdd472da853cef9a35e201926d25	negative
5c166f1656066d0a78b1f9ebbbca98c363c4639fa2be7a21e57c7ec73efe6976	negative
f6b3c8697a72d97f2dce9116d5f5bb9c99f625f3bd7b5d7da6d3bdaccb6f0d50	negative
ccb06872e6315a5f9c5d1c8cadbd0b26be79ebf61aa818e50e87c594d8988bb3	negative
6f5a48ac80c32c291291823fdf54406d6d67bb6416d1c02d2611c7258665a342	negative
11d9ccdb7b5eec1837dd9f9a07f15858ae9a81ae9c0a629a4a6aee1d6f3a633f	negative
b1d2d1146b906d14f4b05b2a37db40cd18efa82788d883a4ec79a7d610b13be7	negative
10a0e2af1bc8f73d3cb688064b8a879ede9c7e3d2a8fa16c23992753dc5e6533	negative
3565ca5653372c8121edac4ad0b9cc1e4f6165731f61cdacf7143f9203e2ee7d	negative
89bab94e23ee3ecab3884543e3f16ee0465b26c158bf143882c0148011f23780	negative
10912a86d15fb68977ecd0b41b8fae9a797fd0b3083cde4d29893d9ce75ce9d0	negative
7616bbbb9745b33370fcdac4c189816058bd738d804b8cdaf354af82ad252f40	lowconf
b8e990e067869991a293a231e35ede20551b44cf3069af4f9cb5a281ee0083c5	highconf
f030d4ef01e20520e12205e839ccf5e281259784f3e195d41c2a6474cb7eb891	negative
7fa713d59bbab3eee10a44e2ed2e3acb95f802f71e8a0235ae436726d081cd63	negative
e56be1a6df93c1f16c13707e7c880d9d440e11532c3a3e173eb2fc027e539e13	negative
b64be2413c0e9786e79ed714d892ce85978a6a23e4568f72c200ac352b87051d	negative
4aff5925572a0171687641782229c7222bd419f15126686f84ed774cbb1abe97	negative
723386bf943e4113b57b5c1e6135ac0d9bfe35b16c2b7ff109f923a211330e38	lowconf
476a2aa6998debc4e70f6b64c10b1e6f8e0e6e00cabfbc93476dd543dc9cbfb8	lowconf
ddc74bdc5aedda9f758932fcf15f948033fa698b1fa5bd618ae85e59b2fe300f	negative
cf419bb7730d39ab9064baf879e6682b3f2dadf85cdec99b6613be2d1bf55dd9	negative
9fd749a65eed382901ce3fe7263e368c8394692179a84fed3da95853e277f9a8	negative
cc3aad7cde6ef8a03c8e756bf8e31fef79b56b2ae75129f7fef24a72d0fb896f	negative
b4893c9f3084ff7da67278d6bd7bda6d58af10ee139d17d767cb94653fe9084c	negative
214a10c503c9b210f647d7b0ce515d6d4ffc6d3e4d6a3efbe7fd04b62ac56c4d	negative
bf23bf5f61280807bdc78fdda2fecd66ceb3ea00ff7992ca638e7028769aaf3a	highconf
8297207217578e3059f0f7868d52edf28a3da80021c025d441ba6ce15325495c	negative
a0a4e08dd3acf2ae2f8c2fb95876cd9dfd5b8d2427dc38a569f34572fa2f1efa	negative
6f2a764a0f85d627efe58b3118456bea58f93deafc438f37baae9b6c06188bfd	negative
52ee5b1fd1712e1508b4eb094e732e9d843d81b453c57db181ad9eaf6312cb7e	negative
421bf9e402a2697b6a8fe332b8eac72ca4c1460bcfba69a29c02c7880214ee7b	negative
48bf192594183fe1e456d5de38b621243c9fcb393cd2a2759d3502b52a0cb96b	lowconf
a7e77dc0d9bda9500b874f5e3ea20c4528b7334d64a51802fdc4cf7adf97c90b	negative
7ea4cbc61722bb59a6abc8cc07f607f625ff53c0afbdbae24efb57b121813341	negative
1f6899ae4199180472edb81701561d2f9aff49c9d33dbc9dc7080879352966c0	negative
11f6bc8bb7b027b6ac31a07ba6b1fc328d66a2f6613a7aa383a84efb992daeaa	negative
f592e89638f2def6ddb3cf02e0b5a0379f8306db7101f761eaebef955eeed7a1	negative
d25d5a0c4ddc1fc42075528ccc8b4d8481220db28b2beede6b7361a5a178dfe5	lowconf
66a01512d7bc834ab76bb4665b93f2a086e74c026941006d61d52575441b4e71	negative
52272f3df308923e50626c93a2ecef3e7177879095277e02f38894ebb141a0e6	negative
76d804123705f912aa218a6326f119a3695124f8f6450e703e5a465a385a6d9f	negative
3e092a681d33acd9c00fe6f331cd8184371cc2b6c02b2b4ff9465b8f352e4c97	negative
49ff84516d8c4d50b2a953aab78266539cd8224b618188f818784b2f1f0e0124	negative
0a7dcd6298cb3681288458c017f9488d090b1ae2acac4ba6b05362fc6a006783	negative
10241d919a9bb411059b9872f03c4c30531f96613084e4a496a1040284034886	lowconf
40ab8655d0a5e4ffa2eb5f1d23668ac274723d4ee5afb9265d3a2abf7e63141d	lowconf
3ab74656ea0144d699063f99f808d29e80aaf0c4f6e5cf06373961392bcf399a	negative
8af68959c8ddc0a068cf582d08b32a564a73187b52dad3391a203077bb48cb91	lowconf
2812faea75969dabe67ea141f9871da70c24b2f709c543165851f05b8623c240	negative
483395432d1cda2b6fc25efbc73b84f2615a9d25e667dc418e279a848ab5f184	lowconf
d1e9ab90b694f3d9b791ba3138dc31de3986d9b5eba67b5e0cdd41a8731ec74b	lowconf
6600ce8207921cea990585f84ba185e204690218d50097699581ed535206d836	negative
097e6d18da07918cf6c61a5eaf336d04eea4e8b2d09f34b9f47d6a001d5a3334	lowconf
08c6b8d9030ec2ff1cfa427d7122d072c7a0d3583e5d09e03b38946eda70d3a4	negative
391aedcb7ef3c0f6c0249902683a9de0a77d7022cf82b34c9109b52d520a4f3e	negative
368fd6267eb613240087dd5bb4b0559cd5bd6475a3da89e80df94152414aadb5	negative
038f377693da21721d4f4e88b1f254e9f2d02d6ea73ccd61915a441dbcbe51e8	negative
7da2beb7042c3e8cbec3ba73f28feca0c11a1cb6f9a0dc45ec535504107bc7e0	negative
417fdaecec34aaf71a96ffa77ab0fed7f7aecf257bbb5cb418411facbd889f84	lowconf
6466c0165bee7f9685e0b02497f3bf87f979d8d61e2f6ac84362d01f1d251a74	negative
2d68baf0f5716dce770a49386ba158a14c988337319ec20b73b0cfaeaf64d841	negative
d6ca604b5ef9c9608731a52cc54cac0703ab3ac1363aeff2970ad40417a8509b	negative
ff4f6e90035205456ce16e426c25dc8d2c8c31232eee68434918011544b9832a	negative
ed219051f4b4f5abf0ee5f4ae368a14710614c86e6ce2b963be76c626c755690	negative
ac4fbb5b465a5bbb5271cd7d780e4b19ccd3ed1194d4f6e22221858a6a88fd96	negative
03d5e30a03d9827428945906352f753659eadd52cf8e9a28cf69eb8f0c05a315	highconf
15a078e5dfaba38b76104dd4580ef6793c401e295cb487266c8cd9a854e096b3	negative
b15cefad8f9736f7126967b0f6734216cf75257066fbecd826fc5f4be8ef4123	negative
09566b555d986e3be2e830710969a47267626123770217f45f6ae2acb51fd334	negative
eec3340aa42ad083b13d332e281f3bc03ab9eef89b2fc5dd7d218ba9cee22960	negative
d1719057e2799e25dc51d82111f985da0f07f3cc5d3092fbd7de718b41a5edbe	negative
96c3626fc76d606abd36d565f9cfb401391a8759dc4643b153cbf65c622cd35f	negative
f2916de188939b8ae2e5ceb2600b390164a9191256f8e32930d22b370ffb1c83	negative
fc32f7f14fe3ad3dc6638d053da2eb565e64157c52ecd53ed1015daa781a6ecb	negative
2fbb74d84ad6d294d27b796c27237de3f031a6d3abd5b8bacf2ff2315b031d29	negative
d3f51b0f1b9051a5b49589e5783cfff15a22b67075bef42c5d49c661f72e61e8	negative
29fcd6d2a29a37def0095eea7f2bae809812dcca4f08a162193cf52a2f4f325c	negative
3cc7bad22a9fe813c1b0576f7dd500519245788139c7cdeebee33b5337abecac	negative
7c4ecd40e61fb69211786cf668463ea177b7d1e64f957c5dd4b8ec879884b8e6	negative
c397d4f64761a2062b83453862f815f1b370362f5d08e2c971aed05b60315bd7	negative
b36b89fc68d2228bec270300f876c731859ce0faf1d32cc3ff0b1da9681c9c0e	negative
7d872024ef2feb691206c61d17de571e1025902d00dfa24e4dce917f79ca5d50	negative
784fe68bfa4c344b901d260e0bf0ac9cbe1424f10a686278fab144484d8737fb	negative
4ce6b4414f35afa8d5a957c120fcb51621bbea0570b6b1476f3a1e99cd36a8e3	negative
e7a18d16f884d5874cb87d4588e62b16b3d067cdf497a7898a7591161f01e485	highconf
af785c925cd32275188ae809dbcb99b5460cc3f5eb7b834d627257c8dc68bc3d	negative
bdba4b4472b093a5b6c7f785d7853c45ee37e28a0903bff1b46cb5341867c48d	negative
ead5b2132e8aed62e75ab33d4b029b7ccf066c6c47a9f7bd75c61213536755ee	negative
e0706502bf7a8f5348cb71c7e16a908c6d0ebca6f22e2900ee5fe4e7d23d6050	negative
12d65cde45cccbfcbfec2d187828c33f416529b594cd6e6b3b6dc3c720f5d7d1	negative
08d61e6a0374c23ceeb7708f97d54e04b230fff4b6ef45b873882adcdc33d4af	negative
e51a66efbc5d4539f318241dc7e1a0d3307cf655059deb8b81f701818a891253	negative
354480f74e4be65c9ff0eaf007b9997801ee9b157d74292e241613c741a14d41	negative
7b06c009d93f1a1fd18eae5708e200cf2eb0e69cff5221828eba849e5c383795	lowconf
ee14e04e0cb984fe4597d8970ef4cdaad50414f0f3be19c90fa9fdeee4a1e520	negative
afc6978d5fd49feddd76183449a01ac0cd7e33fb93a83c1cb074194172438925	negative
77d1df17ac612406d45fca5aa3d8177d4bb8af7ba2c2d174b02bf0acd2110832	negative
b1cec091b04749494768cd2a63255ad53baa8ea81e55c75b488f48a8dcdc22ff	negative
cf38b259371b714977518716c14c5716ea34b0da726c47d3d5ebcd1b8c36a272	negative
f28699cf8bffe4b00e9718287b2c3233892ecb74a344cfe31dd40c3088c95839	negative
66a21b05291a87adffecaaa94a3d6c1f2e2b38c04a7de2097e62256485f0ab94	negative
af644713bebfc168b08a99b2f24e3f86efb939577546b3a61859ebe1e322c0f2	negative
5b34579a72905b8f4a7cc02477b06bc01705f5bc2a6c8913872bbffef0aa6f1b	negative
0ab4ac0abe4e0d0f48b605936cb65eb8c9cfe6ea42bd69927710c8f1e9efcad7	lowconf
2742d71c323dccf18924ad9013c024bb4dc5f410bc29b1aee9a40442e09a0a10	lowconf
f81cffed7e49dd99526872df49dbd6c3a0cab9ada91d384524528ea0e8217742	lowconf
8e427af5f4813a923c61545a98bdcc4380f7983db1ab29fcf920db6c92717ffb	lowconf
2243f9d0cf7f1836860141bafa91ff573c551028dd0a18599d3532c604bb615c	lowconf
c997d4368294fbab419b691d4694d6357deefc603e2b59a8d768c21c3c0381f2	negative
ae006b07f8cf2eaada2f656ea56e4719c10d33f0c1a6cf107cfe0b83d581fbc9	negative
46e58d185db39883cba78a7f45bf39c1b4b619bf7141cc8e86a186165889aa48	negative
767135072971b85d154cf8b444a4e4074814ed548cc2b535d43e877275191e9c	negative
3640a6b6a8e601eb0bf88118bad1bfa14e7e58574741673ff76875ab73ff0a1d	negative
3e63376ce418ab4a92fd016ce8a7beca730339fe01d73a3bfef9ac7e34bbdf73	negative
1aab8f765859c64511b33e8eacc8cc23f188848cebe44dd6d4d340f77015b26a	negative
8a743fce07d803a24610f3b8197d1f1fffd60d2441c444b9b6066f20a8832903	negative
fa943be79aece8a93fe6d0281481909cdaa4f2f3288c6a7df4b1c86aa7885a2e	negative
22563999792e8a4c55927cc29c7a2f4459f3aeeeb45703a14af9cd5ee9558870	negative
5353b8c26c7d271bd171b55f96d37b62b9b828969fca7f4bf950264cb90a9dcf	negative
7a43813d2f0d4977a89da44d831f5c51cbb22773673511bb35852d708ad0d936	lowconf
3e9138a91bcb175eaa8d7c5ac4182fc7022a59e2f317a6ed95dddd74b8dbf4d2	negative
5d7901dff3d5a1d547d8c198401fadb1374f49aec104401ac75137e68fb29e32	negative
3588e9be1616d452a6f73ae7dad41cfc7719527a50a164ff8df8fa432f8fc615	lowconf
ed21ce320f0dabaf29ed84cb239e05ff9c6124a57fb07f215a9741f502a225dd	negative
a1cf004ee8c905ef94056ed27fae8b507d3aa81a0ff57af61b6d48efb18b060b	negative
46bf6dc87f5a40fe9dea1575880dbdca4b7e4698d4ee3c9068630554b5410564	negative
2222f096bd287095b33687676b1393eb2d2f697948c4bb5441ead8b306c02281	negative
3ed47a5cc4c6a2695fa4fca1b4c436c991af7eabbb7b9286cd8e92f5fbc13679	negative
b7998f039e81927c65fffc74d08d4910977576e666d09e9cd26240d713e7b50f	negative
a29d7cb47f9f8b748c67ebf0431beacc40b36061c2eadbdded0dfbc2f0d94f94	negative
bf4ee53dde6b4868c4abda8f3aafa61adf394b8f0891e272fed873679e029ae2	highconf
66ae550516bd6a5f31540d694ff5682ebc2e8e39b0e05302fb447d0ff22d98bd	lowconf
3b5bdd36780cfcc081ad23141c940c0a1ded4d4938e4aa6864c081766ec6974f	negative
a48e9886e089ff7c88da66df2fee60c642d6a335673a05c80cebe991acf45835	negative
8dd7ae1821a387760eb9c3223c247edc084da06fb477b1d0edff21c1a3835cec	negative
f209cc6f0d1f88660439c70c7549e0bd82ca232775b9349bb07390d64d3786c1	negative
c74b14f8c1197b0dae93f9e633a671aaaf2937d8e95282e2e886bdeb19c709e3	negative
ec8b9dc99d23e23804387ed087d0c42bfb6a0366477d6cddaa9dfc91682819a0	negative
ba1f59843b57fd822fc649f3bc1e23f012ad049dd1c317a49af6468aeb20f074	negative
3a2040b08f7073705bf50adf1557489cee0074b5d1a5ec08d72146e03f698938	negative
83c13f584ba7df4446afeeefd8c5fa9d2fa08e459abb472cc8643ae893d9731e	negative
961f81bd5815cb919b6f93ff9659737daa544afd227a47349e1337b3aebb75e9	lowconf
9d9870db57cf6470c0218c94a7a76c366645c74f615262d2301c15b7c7c31a73	negative
e373f4fdebdb3e361f55e3748510bb7b8ea9416436142532687dbdc94c4cb363	negative
b72a7c5fe9b99f1f65eacc7c7bc9aad8963052f0c95876c656b562f16f86a15a	negative
a9f4805326037d1e228d3ccb33543314f4d7aaa45751367de90e36ee0545eed3	negative
cef042bd698967343259734281ebc07a8f185eb5c2e23fd4791f649609fc8c1f	lowconf
3cc0906f8d74617fd17c605adbb32c77a21b0c39627f53d19f1aa44bde1f03b8	negative
4729936a746236ce085a0a74247ddee1ea9401eddb6f9107f56df78746f8c5ab	negative
c66c2c2b068576732b7d5e276e8eaccc75bfc99335e8517849b6e325db76042c	lowconf
b5617e40edc99d79425c8a74781f2f12e446e18ef0e1be695ae08cde205dbfb6	negative
fa3512a59488fc8bf9db823e5f63a9715a39c23fc2e33b6399b71070150a516e	highconf
eb817b41e709bc68b9729b4b5e28b91e996a907c20bdb922d4b7196b86f3a80b	negative
021bdc3816f1e9ad54dc787bf1ead984b522071231e4a09cd39120522ed7f99a	negative
09442576f4d054a4fa421057538f707142ae5ceded02bed396463f9272df1f13	negative
d39c36e1f3a2c564aa711d8b5bb28d6af8677e08a957ff7a6e8045e13ba1584c	negative
7dd39d463be572582dfe15d57dc45726619f1bf9183713819746bd968ebe956f	negative
ed82bbfc1893408f410e73e2bc238035ff4c49392bab06a63dbb4bc2648c4ee7	negative
75bbcadf907e5d03a4d0279b38b22b0b13a1413dedda21b6e98545f41015d8f1	negative
c0b5e395b26a4b86b933698b5b76099016cd3972bd8377136838bc428e2e400a	negative
f4417679f8eabd7bae8501b401821b666aa14df01bae773bca8bd43c0799b883	negative
9750fa83f0dffa82f9804557541297d24a01150e4eee61abe276fef402beb871	negative
9c3f65196348b5169d8d7d93a7ce379a436c6bee2fad4aed718ef3070a5fcec8	negative
175dce8f7203a681ff0cd6aaa7f4035d8184959822a73b1ec7684d114d456172	lowconf
4f6efe6b9e97c50c69154c26e55879f174b9e130d004dff854f490516d189ecf	negative
4095a369e87d5d1a57b7a5361801c9fa1dc7927506002e50617549c1e9c8e74b	negative
f05d31cb4cd876008f388800ea964238213cff9849190b8171a7f01a69badbb4	negative
21192d8c37d53b606957674317f81e2045b17ea01cbf2ea7dca327eed225e1be	negative
a6be1370ea62791d7252cf96986304e927d903cc750e207e1b23507ccff97085	lowconf
b345b5e10bd9129c6bcd7ab91e437be5de53be4c42d43a5b9d1337ad6b7a7e94	negative
586d643c7e3587ddbe8314d776402b22d827dce4daea3c1dc18d4841a22d39b1	negative
512e08d1b57e041cd35d4060ac994acd0531ebbf5137ebe55c071adb0b116efa	negative
c747fa7d2f5ef862ae9a3ec7252bc309197d2b27b9a2939ffe4411429957a25e	negative
df118060196c2f818011cbcab20b4e2e24af5a0d0cd50f579bf662e93c4f345b	negative
048e141ecc9434216b8af91310b6385560cf64aee49d9073c171fa20290d7d08	negative
92f5bfc493eed617e52073561d59b00189de9edc7b42b47486a744b502e0a5c8	negative
ba9a013f859b91162e5456615b7f96ee52f80b953a0e1e18aec490951da67518	negative
aa481d3d558b45be583e05af5ba3a5adb0b6d896a7f782ab7abb91e6cb9b8050	negative
d03b466512ef59a1ae5352c5b44fb637edfc6dde2e31a49b0f4989c599b50aeb	negative
f86a905eecadd5d38b32cb85befb00812d9eea47ba42eae1082b27f997158827	negative
d0ac8783e7c9f3745fda3cb2cc40f6a875de1261884b9f1ebc053adb811d9aab	negative
86b60afbffa059630dae5fe313afacb2710c91aafe2d55dd6c4a6a91fea6c51e	negative
d0e17b99f8db6fad97ad8427d1aa25a86c15d2607d60cef0c02c1a772f1f0ff1	negative
8d3a16a86d42a1663825c1328cd16a4d00ee431e74583adb6323bb03ef13effe	negative
755f6a103011cbb5b7196b5a2ca0fb27b25c3733f6b97a0094360f17c42f82e1	highconf
eb5dffcdcb5f1d6d0ed330de985b8e24afb081928e6bc96c4c9e0102386222ee	negative
7d2b1090c2597e6cc1a3ae874f8ad8c21ac38946202d9b82465c3787cebfabdb	negative
2dd01bbf9e41360904bf0609a5fecd194c79c7486fe2cd0fac7ef7a545adbc93	negative
92db70a61abbf75eebfaf3546c36751ea91618c2809f0517c3fc6555689bdd94	negative
f6d3d302a1587a232b59c69cd8247fa92e96882b29a187eb3805a698ff514b06	negative
d9ebe0b657b3dbc9d557007db456aea82aae1eedc3830a9847e260ede9b28e1f	negative
1a92f1739cba85e8aa5aa7fe3bdbb14b58028e31f6c4fd7bab0ab010eabb45b2	negative
a553984228c5794fa91150c80d8027205262590d23384c1d4497dc69734b31d5	negative
a0d67150ecac7134fbf4a794eba4fc9b63f31cdd22b284c653a179799580d998	negative
fc2e53638dc1c91425b8d60a4186ac50303b1aec180c6da98966ad517a6c3968	negative
39626e73ce9fdb8424528d4936289686a0f87f32351a28191edb6a33156d8a29	negative
bc86bcf1524dd2098366d8ae1281847dcd6cb5f647cea17c2adfd2a94900a099	negative
b996db6844d0e803c6427b471bf77edecf4562634b90740ed2051ca843bfaa8a	negative
c6ea41615ad8e7805451eeddfc5e71e0ca09006bc405c914b53bdb5927b8c895	negative
4f2d5542b03d73efc600e1758dc6117e3e417e9e50cbb1ffc6f425a51409db0d	negative
77b9c4b9c92c91ae8313f83e08762aea93bfee46589543d7f310d43fa778a293	negative
e704339468e84d31867eb3ebadc665f7216cd49cb87be8ddabfb567e4bb13a6a	negative
e35720ff30ec2e927a1b975907245fdfad9f65339d23b6e378a3841f4f4c0e7a	negative
0f8cb646f60216bbe0010257a1c316de5dc8831f9c2a371e44140ce70d8911b7	negative
36088b2d90451678ec61b49a54b75050cc129dfc220475887afc3248a6c058bb	negative
0bb92c0702014807ea673b64800282c690bbf39d376641463f5f5685c2d9ef86	negative
18205c5f2f4290d4e421d8e817c7495a904dd1583a37fdbec3d041fce535e762	lowconf
45b8a3a260db60cbc566c2c8669df8712c0342c6fc8e9bf65094408b08b37718	negative
25a0d4a3819628e021507171a914c9d128bf444b430f88e4ee86cf4cf449e2a9	negative
c80a4746cfa9759f3ea54aa7a9900e32fa3685163eb0012da27a727507e8d5ec	lowconf
db6c96ec599b591fb2d117b0c9f164bb6de7b9067f588d88c475cc30ffcc5237	negative
e663e369ef1794fe0f2acad3441f3283defb69380ee73634f7e8fc1ebeff9942	negative
1585cc5797f90c9ed4309f06919d5caddff5d6e78aef8f43030959dcda52f1c8	highconf
15ceba4c6e82ad891c61ecb5900ee3b3813110ae21e5d1c42eacc926caf1b98b	negative
d6382076c21e18f4b86096b2ddd3ac7415a805a0f3d51257bbbbf6868decbde8	negative
81a0c895444232edb46627fdcf2b980da57a4f2937e01f594e86dfe671675c7e	negative
d6093e10642e5259efc789856d5a58ef6587c1c7e9dd5e3f47667f50284b5b46	negative
1992ac1199570c9dd173552ec24e7bd39dbeb198f3aefcfd50e7c24494afc9b0	lowconf
8818fba632a37d4e958449dd84bccfa36ae343adec2ee87ae150ceba50046ec5	negative
ebe0d55c8fcf6daac66e57815fc7f6dfe668bf770c2c47e58a171bba5e5e34b0	negative
fbc9ee05650516ce26974e617eeecc892b89dfcf33daead4f191c41410b039a5	negative
f1d04f6fccb3d0dc75a4c295789819dd62e448ac4153fa6460f2927cc1e1aae7	negative
079f9837dbe4ebe4ded22a11bfcc9bbd99f51099d8058c1f9c20c7776aca472e	negative
622ef473b8b27da12c3f316a18c0f5c1514621295ade0af382dd94951c63297e	negative
fbeef92f06c57c1154119e5824316bbb9f3a02fe4c9db1054876cc1096b2e882	negative
dd1bc2830005fa88a8cca08bbd3a46080a1677a42c494cec7bd52baaa695d286	negative
ef46c3001b97804aa103224f1c86aada28d0b30d9672092e6e39ba6fe203a5b2	negative
c9f3c925021823edd35e413ac23b37937152e4c6b5c3896fdf851fb8bda37542	negative
6867dd42d9ef1d9efd3dc78308b6d75ddef708b7148d02bd9227e784fcb2ae40	negative
c9571c98ddfea0c45dbb05164bd6c7ed658182c5a38a967973a9e85fb3a4a1ab	negative
b650add05bc36e8ffa5019780bdd0a74789e9fba2c8a9dc64f329ed500960913	lowconf
418c6a01869a3dba179900dfddf70f8ab9ddd1d1a9dbaf46e59c665f20f23cf3	negative
39976f8391ef2e8894283ff464cd8fb9b02f1e748c3b6534a02a47bf1f445f90	highconf
0afd578d73d2c02ce8592a8a803eefb3ed58b35476e21c243b3ff4fbecfb33b6	negative
2a4c370f28e657c01f7bfe7dd45ab8bde509099e3a484bd779233832ad085cec	highconf
7fda02b59adb1003ad36f9d0cd8083e360c73ae7b60ae11549e30a42e32b5ac8	negative
119752ad9e97cf1fd26a86f06b47cc2b0396f36446ab4340da83ed8a00b805ce	highconf
