PUBLIC_ID	Feature_IFM15
d3a84ca9f3cbd10eca7543cab3bc440adc8bd9e96cd9bb464f118e961eab6e19	1.5037053920943735
1369d2c52d404e6b2acb25231150e4189b0b0ec17713da647a8c665643832c30	-1.438545140143121
281fc6fbd869978d62e96202d2758993229114145e16f2d0d56fdd6ab3b91df9	-0.6409303241979244
454f1737faa6b54c363e9d706d29e9456b0afd216adb9e50d9bb414c8bf307e8	-1.0097236599865367
92edc1ad3e041d15c128219b41379d418fc027fc95c32cebb9cb466ee521f998	2.0112333574000547
05bfb03e3ddf8fe35b855364b834b3a67028196e0562386eda12de77ab417934	-0.19611142958311711
ed22c046acda1d368712d88176258b3575b073288af7bba03dbc382f26faccd1	-1.5609988467855345
e8b8f14697a6c8eb512141b67f35b8734ac2a06a6455f3c819bc11c089757f50	-0.9458424368501354
2c66b02c123312b2fd932151755a77931bed81938a46cff52a96f26b590e643b	-0.7972250985903387
f2bdcdb55ef3a7a89ed3c2b0a340719c458df9e00b496f5b420d854c177e196a	0.3207020129373101
8865d577d3bdca48f56d812e2defd4edf19f3c65339f40d1ecd81fd6d3e801e4	-0.9615682749530641
843dce160d553a05223189450ae09645849284b5b0dd2540c6911ef1558efc92	-3.075772215516725
59bcf023dad638bbe86364500d1d5eeeca5901391e3b544d027c7f849f1518a1	1.4174354263866635
9b229d918f5ce5cfa8eb324da942aeb1cc30235ff0075244b5d9667faa0ff040	1.746819620366429
d9aa9d9a36323b2e17758c9a747ca879e3ef0bc6d4c66b92d9d3327b1a1374c5	-2.2847621767882607
b9ec4b9238984a32e2672a0c6933da720e9ecff73a12a726071017a876b9a515	2.7221173853829677
bb8ab98ddbc588bc58b432874a9659f63bc5f2145d3b1b8da6554531344d25c6	-0.5151347837407619
03f6d24c49e079bc4c51927c02d2ac8aca698663fcffa02e519151ac1f9c2a10	-3.5210458301394247
6ccbe66bace47e721b8556e8698cda4c7ccd38323027504612fcd668b067204d	0.0587476938548697
5a89a95d91ecfc83bf585d8d8228c8e77b6f96f667db038b734c11812a3ce8a0	0.8385297196026665
e6b3748e661d0b23451fcc9e25e3a8fc1f9e24fc1b978a9bd06abae1701ea6f7	-0.11606382812273328
a681c7e3c361fa4826e69340f9860a9918451b9ab4553ae85e34d1b2beafc20d	0.43167335966930465
2c8ae4fbc3daad0fb02936abdc491b3d80b8fe37e6de8e1d1ad5ea7a5a82e5cf	-0.6989865460957416
735371dc79694929b16f76b28365b26a3dbfbe6fb0bf3a924f0e328dd454e632	2.9067072623013526
494185f71b1e2f0ed60861a9c109e3a830a9e418f102c3b5f6f0e12f7dd1d38c	1.8655908013273037
5c8e344d223f309d98cb4fbce0b92e66ccddd79f0f806384857900c6a548d908	0.022523056971749673
62217649ab5c9f6c179f2c3a7180db643fdbf08fe0d5d799707be91e7bd3cef4	0.7165739509254619
f71fec9da53648370b0f667d35e63957c647d373a482d290c310a7d40d58e938	-1.267726486933872
104e411d94a9603bef297a883fdf64bf5db806848afbfa5f0af2790b524ee539	-2.2545131288102844
919b2face2ffb48bc27c037c0d754bc1eaaaede1f7100a4bacd8561eb8562986	0.16138761102960536
83893c2d5518c739aa62ed550d6a215dcd57b531dc6c57e0e6a3b50fc806900b	-0.436873257176702
1e09fa3aa13a4539f6f2f26b3c0b2c5e6625ed17f855552027753500656cd21f	-0.535696538143325
dfcbcc6df6df63034dd146386681fac32521b7ae267b71c40de0c186c4da971e	2.138731719802845
6ed21c40a75864607119fe1bc32af1a11b1659af404c2e641770be88a7554ce8	0.21136710499385253
ec928b0d258836d331e78ab295ecde64d11ed7f80e68fd1cda6108a534cb2a3c	2.4938069429634475
3ef414057a837e290649327cb4d8e0fe7fc939f546100301129344b02ce6f432	2.886078014065949
36743c9dde83b2aedd24e41d064acd7d0a8743dd7130d5dd7a126da625909991	-1.4864161868201804
e6740f2165a881944cc24c4031ac0deabdb489cf0b36e71f5f6417826ac8613e	-0.29340806099578404
dd4baf119a09380fe76897e155236bb6813aa1c7b1d17dc09a145965b59ae113	1.4440846397851552
7eb12b9c335ccd15fc1edb110bac22bb6acdb1e5336fdccf9b7f40a73682c188	-2.9529897163572856
51f0bde7522fcdaf3bb1c242c5a34b1e624c52d57259575117729c202cc5dfad	-0.2289170450738111
014b8c22fdcce0d7c42c50ff67918dbfdfe725199c433e0af353f82db0092879	-0.0013249313191891626
3d5b024ce58f27326af58ffbda60e4041624172d1c2c0ef7d1f896372b7a0818	-2.459206062775715
12ef0a0117b86a2f502e875295bb886751455a8283e29c4eb883b925324fc459	1.9319675566280705
7fded17e02d65df03d2665957ad1a872c63cabed8858e50ea25696a8471c6bf2	-1.5494777545774667
a8521ec5a4e3e43efe150d1bc7e7670977c5d8730d1a5ea366d0d0bd28620ed9	-2.212425149429594
57380cf677dcc353007f9f84bf8e8d95b9c552bf409293ebbc12f22d598de358	0.030739453700240067
48bfd08e5bf6ea02109d7fe886405d3bc65b71b7db4c4bd82fc7d00b2fa8ce97	-0.3313958093083259
89756464caa878caf598ce55bced9b99813d827a13c759b5efcbe6ff2289de09	-0.0008808157649590753
f7955aeaa287327c84ae398ad057ba00265a157a5270dfd4926ccc25b6479071	0.01887652614741067
a4203f15cf3d790a662f21a31b6a90556102d32f1e0a54b48a461eb4e97adafe	2.242824791548106
f8bb695319c64ab59242fff812f6d31798670232f07b5de8c8519ba7874ffada	-0.11086507055558342
ac7b13de46b605a55f8f400e9d03ba51449e92798f2d8bd29a79d3c452adeb2e	-1.127903434527078
bdb727d51db34cf84ca3491cc6741f54d1ea5883682ce7f29711579934fec90b	0.29991557393832013
2793bc621a8ab2703a8238cc5d66d0b3e0cf20c39321dd3b3823b72d1d209ccc	0.7180569856721656
0a3471221501dbe44ffa132b8838f449714a23c3aa31bea3bd75eaae70dd4336	4.848275561809138
612b8d4ed0e59401e2a3115fbd3a4676c7b26871119b44b36cea6007e669c2fe	-1.5069711534991654
8553c3674f5faeec787f4d01601a544d843da6ab57ca31c5a276b9984e80df87	0.7582431380652163
c4cc59012cefd9b28085ea042dd3e2020283069af6b94f5d55ac4e1de27e1290	3.8521735837934106
943d3891ab2470dc731cdec65e2b252a0a1fc78175e1665feb224be3f6b2f45d	2.3948658132526055
32459991a07b9acc74fb82587f3ef19f43e9068d5a63bf1955186578b3c0b353	-0.6233508925035192
a05cb4530932b5b0b061e5654a111a8717468cfd5836afc929bf4361a88469d5	0.06657128170599425
45c95a73464b3cae56befe8f2896eac39271b14d934c4b36b253a9b4c278f802	0.8315078948178694
bdf70dfe694ce5ce2ea28d76b097bf9072ddcd1759c7588273f885ce27d2c8a9	-0.6458823421004126
562faef73f68713abc5ab3b8b539817be659e926b048ebc8c66d135521e880a1	-0.23038039218431783
f088c3e9226699062893ed1b3e316737c774eefae32bbfb74b7749d281f91eee	1.924093401754899
27015a2196a0e4c8ecd1ff3173a1f2abf900ba8ba2abe66b981c1d73e59aa622	2.4468564636303873
ab668c0dc131530c6fde2a19575d5ed8dab2aedb5421ec844da119cf924d7efb	0.5834439035602811
6e1aac75901e50031ebdaa5430a7e040d2b10e39e3a97c930fda40fb5bccc62c	2.2397546077872756
665ee7caa03ace1942e54e3180b4b534f7052361c425b48f7f4f694f13d56b56	0.3133247947103193
c11fe3659b02dff87c425a0f4b294c7f9a999692fddfd3978fd034ba63487f71	-1.2099929081316447
44f7218e327e39241d7cdd9a0d4f6961d418b99f6b33e22184f35f2c8ba68f84	0.5640394958074043
3f546081f8a239bf181ff2de5195fc3a80e7a6f8654c167a8ec0e7a7b5de885b	2.0096476002557138
66c17a9f0fbb6f758a3f293858606763a850dfdc2910fbc9fa76d95b94d7e595	2.792356068502806
63560d2c55c173b8f4fb6b48fa8813018ad8fab9077730dff74731908fa586cf	3.6656907504969345
0eb2d8a37e4b06831a6acbd91b86252e7b18e35a050b7a8a15c03d10abca596f	-1.1250023661542876
9fa99bbfbe30bbf5ceeb0f6d3dba08765f9fec1f462aecc863cdc7d5bddc2d43	1.396890607657375
ff085aeca3d7a3b2a1eaf4e3c2133a9d23d15d795be30fe72aa573c408548083	1.648610588262367
da0523bffa9493c3c77690118709c1093f4cc0c26b42ec9eff3c40f6baabad5e	2.7359512653327154
80d6fbda733c13160422a7d058db85120f9796d7bd9ac04acb1c51b379e4be44	-1.2020971993899034
aee69c9b52a8e6164889774457719a3bb0994ac69c297b87ca42b379db7742c0	2.2981523031307978
76e26203b4b6c70364fc92122ae6777264256c8d3b25de1dd798ab5b2e3762db	0.5920690921440871
d8249842a43c207f5f9350e64e493c2cac507bc4a18b535dfcea03b469e503a1	-0.8329986427371021
47a51fe8ef687f80d82cfc94a39d7aabf7ba09a7c1761532459d02a617708252	-1.5850850153532912
53fbdf41fbadbb90d6748d302170c35908c689393216c17edc40599cf3b0c834	-0.7651053364524615
7af8145491824d02b92c442863ec4296747d0faee133c8cc6f65adc104038d22	-0.4335524291386371
cabf3b485bb97716dded844c56e64997ae48870c220c7eb1a03ad2862e523d4a	-3.560235859954454
e1c1caac7fa896c5dcde1bbaeadd2ab5c4fe824c8ffe36428eb660ff0c78c69e	0.3422731010790734
d38c355f91cc540e949711462ec93460bda55b764b1d8385dac1875dfc5c2905	2.726155623382846
f3f5c186c968e4cbd87fdff9eaed41894c72a61f7aa21c8ca3d0be8749e00917	0.9945021550096638
903cfa313ec46cee88f5f9db8e5376958f6e173547c05836cb14c7f4c3dee06f	1.3108613374765599
4b3f56d070a66f695d905951d8e7206f463fe6ee7a9d6a3750ddd41741173d97	-1.3532809645967006
975167ff333168128a989bb084f80b2494f62b313ae0d144ef84811e8c03e77d	0.23162418017848319
57dede2c71e894df164eb0ac1f5272f486979f026f6e9a82b62cec23a4e7eb48	5.637920541236077
d2f71f5e8a2bbddab4913a3bfc61b9dc39015d099ff75419b014e52d2c590bbe	-0.6421974487393887
55f65891995e5ea39036eb36d2f589d33060004da97b610aa26871a07b13549b	0.26116798695950616
4870c80996a827bd23d2bc88b88d0d83eb160b6bd28e55ca193c769ab9531475	0.2093682272279264
f4f2c3c446c1358b42733b6c85a24c34c0a0e28e3b7aca2dfc6c8d057b01cc5f	0.833833536780924
77093cf48a0004dc92309467d56662b1279f6b456d2fa1da80ed055f697f5b90	-1.9209359098180334
f3609a206796c387cabd1968dd110d05b6bea9797e8273bcedc98d056a375112	2.1160529097942717
4bfa8fb7da59b1153d055d1b1da137d7fe739b20917b392f5401183e10e794fc	-0.5957305397513173
353a0857635dac51bc84e40dde9ee84b1827dd733e8ecce7748640b26d4da406	-0.6418269723964982
03c58eef8e061b1be5ea728c9a4f2aff13468e578cf153eacc9354500bdd70f7	1.3295287580514523
b763aaf177bfde973f78a827278ab39163643b54ef8ce7f49c51f60eb187ebb5	-3.119714285537622
da48e224cae2c293a95ee885c52f5b15c70df834f53113f4c126c1d5b85c91db	1.0550993917790001
a5e6a5031559fd82b8d4e31a7036bde1dc4e8988962d54dfb2a4d7af8d414538	-0.11967902752393413
09f7f7a42c2a0d6f5a82017916eb6c5e5b0c6a8603ec11b75efc1c5fc378724d	0.03236745883170299
d5cd18f97219319cd810697cc92b8985f7e059c77d1bcd45459787e61c464250	-3.794563561480278
35d833c4b7ee5a63165c6bc4474b569408f6d5ca1526cca0218e9db627f335bc	2.209476720799994
fa99c4ca738d38e33b6f7d91abacf171541728ac0f61118c84f25e571d50e8f0	-1.3599364749056784
e31781200b2ecfed0d16430847306894c4091b4176186b70e3aa805d644d52d4	2.1943520963889065
cd7a3411670f4c694b68083e09b10c9b01e0bbfb9a4e316e3fc649391aecc2af	1.8095697950042033
ea397e7d25a8719cf3ed6ccb5d36bdab4bbdc579ac9f2e0f5d8fdb8302bbf938	-1.6259067596954253
7fc7bfd0dbca5b77256cc450e4bcb30539cb7a422f416799792a9e90a4dbaaa7	0.6326695011214455
743abf33fc0fd023615b8e438968762156e9ea96eecebb8e847cd39bf1dfd60e	1.0824958920206174
44e246ab6ac14dfe3538e5629db7b6984ed6204f34c8c460be5f0e43f46a8e0e	0.7610706022936948
c376b21b46c0baa20091f44163e6bd0ae6a3ec865d93bf59be95292f08aad3b4	3.0977684169570017
3e1021b17c8ac5302e9d4a74fff7fc1643f32093886584b221688a207d55124b	-0.35262985523033263
e8237b7395f2c7b20ceb3a177bb3f0e0c7771a36c0d82767965874c8e9fcb001	-0.4622401631110359
9515fccdc6b04690a899295e8be5d07a1181afcdc411cecc612977a95e1db004	-0.23608349782433657
4e8c2991dd5ce2cd3a7ffa828faf69e9ca21d6881049164cca98c6dbf3e9fb44	1.6615796287019844
2860101f8e6a0e66ad82a60f0ba973dbb6176821be542cf128bc75ac7677e6b0	5.859141362050694
3238ad2c516592cb168d952143df86a48b1f4025d2852d23431237440e4b063d	0.8240948742277355
d34dadae32fd858b26ee028148fea364ff52f99e798b0d59592afd29c0883905	-0.24849966885904767
70ae4f39c672ef9713172d3d87d39e7aeef457f6b1c8c13dc20e6f8049c40ff1	-4.0195567590708805
baa58f5eba60dd8ff584c81ccc9d1b85958c9fc524bc3b9111cba6434d3bee3e	-0.5258271958984159
69da55ac8070957b0018ae3ea0e9e3a4b7e46b3294b39d69432ac99c218cc5be	-1.1184677539738432
f5f335b83178c82bad1c406860a8dcbe3d616523ee31aa12c00962301dac8e49	4.524850013872722
192d69ea2d0792f950b98869b6e4b905a85021bc192f4b57d1b6cb5f645a4abb	0.9939285646265872
24c47dad4dfd6dc54eb3053847dc7e4f24c64276aa799806a904ce615ba7f59a	-0.5800391450069998
4e47688cd25a2383e1e2954f3b45015ab2020813bc89dac86a3b57ca235aba81	-0.9990961112706344
e51e441608ac52e1c61f7c6ec7ceb9baa1a4ccfacf8cb9613cc366710776160f	1.781279445318673
ec62c73ca5059b4827bee2c2287b455d1207d33712284a8fa53e9d309746c71d	-2.0042958638426973
a8795894ef49e5f41fe07fb9d6073938aa4f543b56ce84adbe6540a0cdd816c9	2.6126942502927184
a7c18ad1d75392710545d33a481bf927265adbe8fa2010123610d839c5aac675	-0.5944553933582752
3090d810cac642c7a05e68f964bef81ff9710386ddb2dbecd45899351170473a	-1.8158691584495914
7f829dfc3085de2d67181e7b44474e4bd02ee8c002bb8bc6cb8dee6d30393da6	4.675063914751776
10092d7a47d087374abec42e5bb3d9d2786b51adf29316496a7d9e737e116e9d	0.4516844710580486
2a354a96eee179da633e149ac1af211beac2a7df2ec36951faf42c674bc8b18d	0.4419460755916803
f269c9277851b0ab0b99d0c1bf63c0e34a46b52fe23fe48880a49fdec094622c	-2.2115266134226523
fdf193a51799a7dea966208c5e8fccb02ad07e49ff3da0334b53a87c652c3925	-0.5184236543971149
60e9328786952f04a5466e9eda141a3bcd618cd7d74675d617f3b044cd71111e	0.507841733151509
5b1a80c334c0382be8c576b8a93e3b935e7655ba2862afbccf079ef824fecf94	-1.2898434981467914
1c5387ddf1071988e86cdb2cf4b7a0dec303db75fa448847855bf59d89299357	-1.230450499796803
f8cdc8cc9edcc71c9e782d405627801dc20251027d3870a4f3e8b0bf43faa1bf	2.491601530963863
89134830435192fa9ca0aab88a91eb9ae916da57c06e15f88a4c946e75e9770f	0.7546306132597688
4db2ef48ba7dabe78973a33866b50b84f012c8ea129d5654a90c728035f385cd	-0.10670154142121668
368728a0394ec9f0fb1f266569956cbb2b689457aed16289cbae75ec9d17d6ca	1.526762896882072
6f66376c89c180056c64524f1a0a549e661ea23c9c3e7819424dbedeaba20aea	0.6952691913945365
91cf65f12e4bc85798eff1a1999b817a21a3b9a73a8ea490dec8515843f6af6b	-0.3651481769031328
9d3182af43a121db93603944477d21f6346bda18de880a876fd7687679148596	-0.5207000954593608
1354461daed02959bdd70393998bdeeba8fb7aaab2359b6277371e400b28ed2b	0.42213002853581466
214e482d541d9dd99b4393a753eae5fe7c6fd1090d8a5f380fac800d37f82ccb	1.9111981149182902
06558dad03e8165c5e84782d64506e9f958fd69fb9af9e840e894ed7fbf521aa	-0.16906603677452064
e51ff483234b230bf1194bb2f139112898c74698855b0b2517b57dd1564f9068	-0.765297737839904
5bc6dcaa8cffa56c868c7da2b7d848e0db5c555213d218aab36fc5cb47a56236	-0.3387912750338233
5bdace928264a8e9f1823c0f00dab6a2c53068636796d7f41bbcebf758857b61	-1.6474722878972234
f2705097c6903de6c63c8e8c7be8e671dde9b3d5e94c257dfe06ea1bf1251dcb	1.5326111857378848
96e5e782072e080ba366d8ebfbb79393719831303bb6af706666abc82e656880	-1.167917709994752
63523598aac6e0b4b14969105e409fe3fcb9b4aa415f08923288d78cdf884c9f	-0.37383473593433353
f4f2a49642ff205b04e7d8b67c80c71c42bfd4b5f40a6c73e1e4f58dcd2a2919	-1.824079522645818
1b80a133e2aac17b0e6705f1121f753aad34b040695e31d5af54352db0aa15e3	-2.061296917675541
d726e3ceec382ad531fd3e9d8eb820eb0f90dd4aa7e8c0d4204568494137cb31	-0.7686838856107548
1b2b9d1af36d080ea7cdfbc4075f27550f794ad2c81045ee38f72ca28a8f105b	2.9734550288515744
9edaecd5285edcab3be4f2b2150ac27e99a20e4379613a85eeea8f82d71d1f4c	0.18477791442464855
22b0e439dd4d2ebb59816e13cd80561044fcc271acd6daef2b169f8de9096f96	4.634256630701432
d3607fcc6b1254bb3e37ea09f3de1524ea8e3126b6697ee7c92c28491fc2b4ac	-2.3643966632599054
a5450e8e45e4df72951492f62517c714975458377bd85d1869eb7b9f48f9f513	1.723944009225809
c708abb83742becce487692558d82f794664a57003c32562f0af16039edf7e10	-1.0087319364007845
76374d4263a7fb86ec1f66cd98df39ba16d0f5a30497f91d5d3df7d4e51b6b86	0.21459579022690758
3443f1a5b96f4c649c8759b63276fdedaa0252b7588975adcd0b643df45844c2	1.264621401110013
dcf9747e0a56ba2a4b5637409ba93c7c26b8713a7e7cf484ccfdabc5760a425a	1.16442346425939
b43a17723b3fb42891a9f8eed3d176eda19cae585d1f1b394a51e33e91d74134	0.14553124651839278
e1ed535d1183be9a6b2760b69923ada1afd1eed3a32ce8c4760502f6443367c7	-2.0526126692368125
51f78df983bef10e61c7e5b82f09edb942a20d86d56cf5773ec588af6ad36a01	-2.258518408121705
82bdb655e2539fac3504d5641e5d4fa4540761f986df7750cf90786946f80dcc	0.4056556752177102
0d29d736617f286cdedef63caa2feac1f41fe5c1e83981b1287d5f70e771ada9	0.8603287563344042
14fd86937b4cae2b31163c5dda3538f404aed6ed8e406a5e4bde802df8de4f05	1.4554094971634908
c20452f70b9827d7741f30842b2f6e4d9f655501dd13f6367a03089d2460fe40	3.0204364040275165
c39c4372953d941eb44eda28dfe8806126f211c0e93dc06293e03efbc0d646d6	-0.650333776807531
67ec3c3740bae7ef4f2429bcaa924faf6f3dfbd409f5ef20608a343e8fafc9d6	-0.020694223223966735
c0b160a035287171f4f3e02bfc2a426e6caf2b08727c724afe2d2f88763d3441	-0.3828055083034008
7c5a9d6ff05f25170356f6d34bee3385b6cb64d9d31ff4fbc15982d3c00c0fd0	0.7711146728276879
51b0647ee4b595058e7a71e28efb628f1649d20cbf11f61fe4b9a66c06cfe68f	-1.8182662934739848
091c710c106e5d89972d15ecc32b22ecae30b9df5805e5ee298bf5e00003afc4	-1.7644556856546734
93127a6502037a423373da9abd2ce215f5222bd786bc89b2f872053b0926c927	1.5321174951556409
7459dc58410b5c1e6d51d147eb6725d818f82d49cb122cc0419be5140ff1bfe5	0.1577935961441743
fbff960577ff6b37f424b536c5c9de458c06dc6dca0393c7a22ecd33b72e55e7	-2.1942333946525
dc8abb57b0556bbd3a874ba6da7253513d743af08f88b24d54582d6972c83b1a	0.8516368732995376
811a363780ad11202539691ea8035af710d822b5302633157dd1adb879135195	-1.3053492321309301
be3e09777125f7c690b3230190c43bf4915089e76a3fc1959fae0ed196fcd73e	-1.0488248617885452
fcc9d6897007cd4afcb7146d14c9e1c31a8cdf9dab68626407d8c89cc3b52772	0.25205784125585473
4d83339079c8fa29d09bf5892d18ba9ace9563bd4c04c67fc3019c995758bdd1	-1.6935780657872848
8196f556033081be07bd6a58fed825d89c4eb39f5583a0481e930ebe292b96df	1.0474502351526618
1750c2b5ac39dbdf6bdb7a599aec11639692a818bbc1fed109286681a5d15394	0.19228247284331945
3da0fd7d151d32c2a64db6ced7f14bf526b0e2a923432ffcd27c5b7ed2c2abb4	-0.43064401581052514
f5963cc6690eab92803844abca6a6c946ea1a6588e18808f28a641532347af25	1.0183996317861146
f00bbd1596356ed4168c8e4f712c800fe722192a3ff30faaa8bd9a9d06ecf887	-2.6165149584686778
fbeb2f349dd896ea8567e73f183027ee323e79460f59256b3453fa1b919cabd6	-1.0994066110155727
5e4eec0dd8c2833b19baf8fe33f989a43810ce90b84b8fe9822b52f86be539fb	-1.929441187038854
1113f26e5ec5da9355f87c30d3e42fc0261585f549e79e49ffe93931caf19345	2.2491956224654444
23d4b03d77ff7e7588830dc7047ab52e4dfcc3ad5e5ea88e1163d27ce48fdfe6	0.7502194261494353
346f4ccb6dac529b0ffa365337881e124b2cc1cb40f8a90d9ced7d9581326686	0.7643800148730334
5981f24ed011842e2ddda55f249687f17ee2e9d4f4485e388dcebf7f67351f5c	-2.2038434164234335
4ec7960ec12a374a0a8c59640ee17c8aaec916a132c38a260884b2f882e3e20f	3.44327622820703
eb42772c474813e0e16d6346cb8dc3959183337ce401d40267417138f96c12ee	0.9354103991660944
441c9dafae42655866b1a3e224bb9e6535b8aab3985fd6f97eddf94760d86db4	-2.785607190834697
a8df799da5128083c1cb68dba652c65bb69a0e0b16cb0177adfca070d3c1fa03	-1.2465863657883742
70a8da850784d08ecce184d182593bb72d437afb0369d7b50e1b8a44579405ed	-0.8146548104525417
1b8bf44728acb6a77844816f2e6f19565f609ced93a3da6686d0dad186a115d3	3.148030418307956
027df23e848b495ecfeb1db0905fbf1ec49e9e8f8412ac01bb33000dbdde87b8	1.0341627005292389
40b1ff595e4d393c6426912dec4d7691c38e012ba4112d63ecee8af8391ba41c	0.44014613646550027
6bb4293b7abe8c2fa7bc83b58c96611d3d852965f7be1f3c4016ac2c535fdf84	0.6286902798446053
80d77f6aefdc010db905228b277c7b9836894aff40f3b5308cb6778f89bc725f	0.31388414681203913
3d96ed44a83ff9c91be3c2af372c20762027f0dfb4cd920aa91e52e768707605	-0.34281716055725975
eab9eae9acc17e8b23509c7ef419a1bd3e0b4eebb19f8db4e27f28318ba4a611	1.3777099089440883
b42779cb41d16296a5272ed96f4c4db73d898dfd2f928a5e4fa26cbd387b710a	-0.3539461278135225
2cfb3bfa7d967234a37a42662d5fe53265df50a3c634c91ba281b50d99fe907e	0.7666295131449099
14dddd9ec64dda4adf7a4296935a05f728d20d25b55c4ad157904fc44121c1b8	1.6343347608637182
3af2d09fa313d621e0bda15195e9ad33097382c259e1db09d91f3f068f4c5e72	-2.2692028674599762
bc6e70b142ec7553a4592df1746598fcc1b3d472a53e94a2fec6016057b41e49	2.2820938246657256
bc0a6dd1b07db079b3817db66a1f198b7a3e812456aab6b3a4c2695222abc351	3.5127052581379865
f9ce04a4fd6d30d08880d0ae264b488f0ca776e152fb99658375cd0b971e9878	1.297241842016399
7f0c0a175a0c23cec808fa31d7ee4907f952c83ff557aebb3990d6b77344dd60	1.5323289475665443
ffcfab4fb32d24b5d83d8e245b8fd75b2405a1acc6b2c7722633bd5f546d95c8	-0.24665197619976328
65a6fe349375f2712e6769322feaf94e64b7be762ccecad4056e6a4fbc8168fd	2.2560484728143293
1fa2b190b9f292f59688cc1c91cf13931ded3adf23afb1f8098fbddf59810257	-0.04409154269029314
b2202e5cfa5cff9569f926fd9ff780802e39a34e59f039e29c48fe40aed7e9a5	-1.0544988892350693
077eee2bebc0dd8a4f0c346a07856be73812e2fa0f667101b59c68f03cc54d0c	0.3013275725148964
c1a20a36de0d931d87c22b26d381eb9aa47084e0ea1bc562664c64c320b8ca0b	-0.6185945231746955
374d9d686c848cf256c85d1f2047068c9f65024d2919398da2a60da44286e656	-1.2312430714751568
2d09c7294ae296ad245c6b2b0ea2762eb618318cdbe3a20af75b8b507d285d2a	1.0274770764447672
d1068d3822bd5a4beee0051fc73608a4be9bddb678caaeeeba773f34eac28039	0.05118894677934037
9bebfbba3a443b1991957bffc81a046009c3b3f57534032459dae76bad9a9438	0.7283697330176474
07140092a7472d631e42894a00a1e85fc37676742cb09199003e7dcea02e1bcc	-1.3730941759368127
a4da342ab4d29b822a953ae36e61a14ed5312822c69d4fb889f0a0f056a436fb	-1.8700582045094352
6e762912cf549f75e2bf66a442ae8ebbf5ca8cac69bb1252f4ac6fe493f566d6	2.564988863580113
000066022ec6b17dc8d5f41ee66a5d6642982420b6bfeeda98d6c05bf31d067e	1.3571947012849368
16fdfedb2156c0f668e12b6a7cc35385264643603c568b4fac63b3e286fa70de	1.9750683758627163
0672d76afcf560b3e402ce03ed6d11da8e239e5fc4573956abf03ff7e7bc16ff	-0.873901574746502
13c67c96aeacfddfeead70f7a2e9b21e0b8b64abc6e6d5ea87ead0629c64be3a	3.692902706346919
d8b00559982536c2681a1fc7201c74824dd32e6605933e6c8ff752b1f9ba3ae5	1.0184843289526078
912c63faf0f55443d01726cc6c9f1a9a38435fac8ec9241d734d710de5e042be	-0.21127475799762063
17066d69036587b0aa26bab2a38c23f2950085ae0101ac021e9c61b5efde0471	-3.176979166836219
d2887ecd75182e7e94ecdb4b611065a2986a18f1b17266071d37f322e55a781b	-1.6258829391102596
8fd2e37074ee725437d9f2b53f8c9c44c9f176d323d5d70b75031770368d842e	2.0868642730318587
61fc583cbde7ed16a7483ff917d89b9684c23d144ab4bf2aae428d6806aab3f9	4.892143276574969
9c160db9f98941d91a4fc1eee09316b799d2b4db3dea5d62d4e17eb5994f67dd	0.8530776464988685
32d88c194cf5a879520b9ec153a9a679ede561f9d8f9568e8f55e7df04df8b7e	-1.8891767228642704
1761df2affb8a41d2aa5b89df15e1a833c2119f349a2d02ce7b6d831c2e63ba0	1.6525490931503104
56c6dc2546566a00c483de781b9a01bf61c86eea78a4d147db3feb373ee431a5	0.4328033897204445
089161a18129b73b95222ebc5165e36b1c43048f3733604062f2ec3c34447347	-3.727220521678646
33f273ac9558cde39c0d201ec5c6bb36bd822f47e29c907639e09088d48b59b1	-1.024728576154568
ddcea0dcf12440c272cdc8ff15f2dc911a84238c5e5e948a54871bcd9a04eb8e	-1.3656506043865966
759a7ef28f9ecc5866c94932750e97c1e2bd1b5aaf7171e90e43ac5ba6754938	0.40430386570172383
f24c3c5efa5e6f5215441fa64aa84a65a6fa69d8aa41af9789c321e0aaa05b8c	0.8747560286294639
cad4653a2f932797905b467a96baa0e2d478155d6d02f3513db4c7daf638b875	-0.7605909228132031
fca2364a091992cd0c40f33dcd3afbddaa9ce897d27eb1a2fbff301d1aebc95e	4.451885863944927
6d69e589f3acdfc574f8dced53308bbd3a00d0c4e85efe137f26a9690173d295	-1.5443074863603006
0aa565c6209a3ff2304f7c2406268107ac5663e4cbcc9bb17eae1280c8723ed6	0.07127454294643876
1c67d474a0817576a9fab42f14ce194637815bf2355e53cd7dc458078c3862bc	-1.0517794700921428
81a5e987e9693b085418bdd5b6fe1d87c023adda775b9c867397ab1f1201b904	-0.4396590524264179
198408e305f87c5db64af260cb9e4ab2ec5552114c2f387056e7199d43d6e513	1.4862221886681315
0b44cffb7e91eef76d2b3f03bc6cf7c6ceab55bb255b040918f36be57f59af30	0.026911315393136764
c1d63a036ac0e3afe0aa679df7ce8a21654881684804dbbbff48ef23f576879a	1.4591772782194496
47dccade91769088e051c072a0287630d147991f14bcbdbd180c041e7c23781d	2.5443051335763
ff5bbbfa01659b87d34fb3b57555b93867f59fafd50afdd58fc51152a84c5bbb	-1.435581524852403
671171df940f989913313d0dd61f7b7de576a789b267f9001f823a4efa263ff5	0.3650223816831321
cf9a7be9204df851ad4bd2466ad35a6df9b1fc0e7e08345a716ad914bc5ef369	-1.8169648915305412
da0beafe4ad15ece990a4cc7de71a90e2bbf9b9a5ac0d832891d4bbb2dabe85e	-1.3101679203392993
3a36c580d8867be0818b625654b5ad29089cd3e2ffb0257842893c2305e7721a	1.7405713395999727
409ab4846aafc87e2ef95f67054f1954f011ee09c2c908f74ecb4abfd2da73a8	-4.22670414459051
5e6bc32ff4e9cfc65681b66fb0d99ee114a14fcc85333a243d69c0f3ebedb888	-2.3201273645346996
dd6401c4cbf68abdf9f5e6d4c7cca4c2eb1dd5dd27143cd8e58405df1dc414a9	0.23449833875195739
cef67224fec5a8e6e91b166398dce5f80e2463e24a080dc1ceeba7c41fccf709	-1.1418896540752892
618c8400be123ed3415ff4b356c3d47b684e21621b69a2280355963703abdac2	1.0468621885797675
c618073f7c0fb4162f3d143cb64addac0cedd32baecaff619b4427f695c5f1e7	-1.975137312000839
36533f474946c1bb6b53c56ef5e691412d31eba889dfa1f32d75a3beae38e422	-1.4168332856106451
85548ac0c42e86c5101ba4ba66063e566336f0906b94a5b635b448bcc28e326f	1.6489801531711894
dbd6ff89d8ee1935921185fcdc85ce1a49c7e579ebd26a9a44799a67d9140a6b	1.4753976341119932
d3a6dc523f60f5f0bc10f7af70e818fae550a0e68d3002c97b54bf9641095e80	3.638538354692044
7f7655bc0beca45d23889be9d389363cf0561e9c3037d98457cfe75093063935	-0.46004235097109664
c5c7b77e0a3325a47db0f7ace004faf26df4ed26e63a8208208d2ccc7a669df7	-4.112095955315208
ee18f48d8380db632ab6bbada4425fd80d625ebab14cae231b771606979c82dc	-0.4013283332964372
4963874e57267c771b0daa5188aa24e13f6217a5970a8fbcb885f3f0d3c3c4a0	3.9640984141717746
f79c3ab7e1693b0fa5038da0711f3da29667b97410614d94fe16e03d3898ecd4	3.6997310044167833
5287227d3dcf4e11902c76de69f4f96c2d72522aaa9f1a017234302aed0d12a6	-0.0870708038558658
bdec182e27c3929c642e6e65bfeb6d8ed13407a730b102f9df6326df7f4ae95d	-0.23556742352435875
45e3958a5b2d79a11f6d23de659f3d73c453f2178b589750c4c5df65aef38b10	1.0092308467122115
7953c352f2ff6d311e201afc83136b2cbf6e9538886aab02ff750ff0a0472b53	-0.30675381538528546
5d6a852a739b116710539a4526fe373fbdee33deee13d482bdf256d2c718e705	0.3247226437845577
849063eefef16745da6418424c317d017d2308afbee6a9c4a3cd8b7d0a81d2a1	1.2570862984676872
7320a57a9dc3df762800ba7c5a6d10b09acd2e6e638633f9e1a52b81eaa3080f	-1.1864101022263815
edb06aae3fe41adc5eb50404a8d4c287f677d1fae0f913799d09a1aca1afc039	-1.0835569699664591
91e9224bd7ab414616b6e35f51e7415694ca92cadc8cf48a62a21de970674427	-0.8759456231421927
d8b02795a6379bd844d8d28417b542ff1f8a2d76d11275999f4ddccab88d5a45	0.5444283906799358
45e47fbe4d0f44a83c82336cde87df3b743fe94686813a9930a6d91de5e3d86d	-0.24404455320463836
c90f9420f6ee2fcd348dbe8d0497b654913d35c093fa6852f6af5c06dc8c3d52	4.062946052651727
0b521b90deca6abacfa8a4a1360cdef6f71f8f9a43b59307ee1ef08f39c393cf	-0.9518752777860223
1ba9928d25c0d1e186645078e2ac7e84de6a5a6f5c3050ace306462f9fe3e230	0.4452756790600335
e9ce7e03fd28ff3e303f7c9658163364bcc7ca1ebc3c1c5756c50bbd090bc261	-1.8708988924566679
9f009758ad1b0b48142675c32a0ddf9f4fee671b0c5e5fe59d8f00999b29df25	-1.0395386127806963
9dad337a18e8c19b62de9865e03bd1d1c4ff0d936f05a0e7e303ef809082ca7a	-0.08620778910599579
4720278a9bacf08806132f3acddd6b8b1a364f0eb2d434ad641e57bd70ac1a64	-0.46331628984832335
3d355676af17fef19685f572119793dc88f2e0163db5a7284acafab0d4d5822d	2.210149383281844
b44aabc56edea6fdeef2f00d949af4ba251c4b69384d59327c9a015596dce5af	1.485262464104915
623bd124a44986e83596743f91f0b37d77c63975bbf07650f6140086a9157281	0.15380304030871422
8bed7b698b5852fdd8ef15e8bcbf1ed53a0829c85103a145348e807e53f3788a	1.8322142196015265
7f0fbe94b99de6e27e2a380d622faec3322f0d3d09cac9f19b17be15a9925eaf	0.2054064375317261
ece685b6b5aa6fe17fb9f94164111276301d48a7608c7133bbebb43531d7fe70	-0.8416820790753533
4558a52a1fb5577898881ffaab51e3407f894df07742c225d9f85baef25d3d21	0.26230415440321475
b9f90691137389feb93cd0425d943001e5d97d1bd7f94444dd38a20b923abbbb	3.6759526858268963
c5cc85409d4ad9f4ab53deb17d262b2abb7086435c5d014721a96bbd038a8b7e	0.34565946739829
b2e1b7b2e2baab65a79c26caf2505ab0015f17fa3007b8406422aa137540ab27	1.8041277727278155
d1d8add3bc4dbd076e412930c6ccdd625cfbb87fd6a970660783c39744ae62f7	-0.7832480465042869
d1ce59372134640f55f5ee00cfd95988365e6611b5d53647fbe1d2eacb352fce	0.8791316210439042
ee56f223ee76703d626d4fe636844cfa2fe63457f53d02ebb11d86df97aeb7ef	-0.730662134621301
7441e88303da9f1260923c2d341a537bade591e6847d8a630243cb6a3bef65f5	0.45615716521308647
319dcc08edb68ed543c86ccc183179e23529b292cd621ae4eaf51c6e2a92db3f	0.7015663061305311
dc250d78deca504d0b4507a4e527fa610e00b55b3f78dad78edc9409aacebc7e	0.9327172342340498
ae3c0c30054b419bfc513474c6ba537bd40bbeaeef2507b6499f302ca5ec335a	0.060070931001918924
13fbeec05e5dc9221fac605118fdd5e9ea745d9e6ebd1886036459ab21829e6b	2.79699300087834
89814ddc6b7afa7cc4f953980c84b28d289ac2169ece39a58d948dfd5e1dda9e	-2.1917337781874298
184a6d7a2610314710396f85fbbb125a76fa28a8215730ed35104f66ebb857c1	3.7358012570231627
a70ce4dbb26909fca7d16351e9906d84dcd259211f12278482bc68447deafa3a	0.8287039706873477
a82e5125be79bf8e5af5a822fc82b5443c7a1e9be6e791eec54de26d339666c9	2.64004185355695
bda5702cbc265ce312596b1596a6c898d3537a1f740df338a57f382c55f723d9	-1.6204189883175266
9957372ad712e48ce4afed465a537e5e02cddd0f49a3971e784e85030c82738a	-1.5256943338192044
b40a74bdd6ab54b897f39854abb137655de585f43f68f8b03f1a4514000243f3	-0.05743738395259825
b4965bac8b3f60921797c2076a9def743f58c45fc82f3430a8c4b99b002c5fcf	-1.6331396283819268
419d54f84ed806253fd0fd5d036183dee1c29b493ef702d60fa938213fed6a99	-0.9878503700948698
bae6f8946dbde147d0c89d8acfd65255ae0a6b94372cf828fdf9776d2f8aed71	-3.0231112040014447
03ea428f83a90aa8e22078cbd11e9ebc4216c1b1451c17fb0d7e247d232ada11	-2.3387973780429854
99d0a3f70c0b0f759f540a3d2d35e7b94fec5848a555f275ce7d5a06aa8070cd	-0.37368424057690086
64ddcd2f0061dad26c2604e2a3abe299453a650f99ade21e90798f6813df17eb	-1.3627950863644431
04434088739fba41793b67fb9ecac241b5759a9841923fa44d06de561f11d8ae	1.5677792601188774
783a3fb73fbc77c80fc203a9d1963137e1d1d5acd692d120a7e7766f8e603875	0.9957490689727753
b21333c124ed8f0e6e719c09c812d6f5adb3e0a5538e88db079b4e2866008ec6	-3.216543997874983
7b3bfe65d16f16175bd06cae4c4d0db872d8673cb7089d851216e1b397f64de7	-2.658128803852704
752a482a3d0db4045c0cb33250ce6cfc7df374683060571adaefa8b7a07bf99f	2.2901682158834133
2adb77b3daff82240acddeb98c5f2dc834937e2ab11690031aaa0dad9693872c	-0.49200674368570096
af0b6fc84302e8032521952d2927aedd64f275074f494ae003916e34ae770fb6	3.5522744358234366
920c994cbcdf7c0087bc5222727f26be38282eeb7308810994d3ac32ec192a83	-0.6649545154767666
c59869473e50f5facb25846b70228aec6b8a6281d6ff0a248d3443de84dbe491	1.071908606944503
42198e0fc101bc9934b45ad294f00bdf3afb59792139e185aab3b851ba953356	-2.2976781218470794
a23a66dee72d70884c705e27768fb7f183b195103fad03d81aef9db0f4643f76	1.8624088879895153
b6518bdacc446540103b24a7a4d23c9c178e0b9f8d4a29c1e378f966e0d9e525	0.0742333622237232
e2ef0674d0b2f6838f12fcdefa9ce1587f9bbe9afacdf04a3b10dabc540401ad	1.6348563214708418
a064fe2c93e60b752b2e6ef98c171c03f49f50bded31f9d458fd0b158a332bb1	1.7629743301690803
4f733645d3a57238bcb54a32e103246f7014c5d2192e9eafa6e9f699328a0c98	-0.35858569928652456
498cbcfa4cf8bb8258342b46eda47ea5a21096d1a9b6e72f35863b2f1b0a9936	-0.5523763037899414
f851ba8a201462daf1ba1d315a511f4a95fedb192cbfb6b5a266955b32370233	0.9595259623156567
68cdf3c5e62ac8317cfe9a24fa18c36d94f808360df7fcc3d8a15df4555c38c5	0.9466967960019145
b0dc5d02d71576609a3865cd00a1ccda9483073ecaac338785478ac2b864d55c	1.2023512446914166
5df5d753aec1c1deef25a45cc676406c067c9b737ca09076ce7200af22253351	-0.8945102417155896
2267eb9e1cb4de6088e8986f1f801f60ff2bdccfe50a6fa1332cc121649bfca2	0.38857389816860793
b6979c6060162146cfb33f26375930f49f47d8b8eea704b808d90f076c5b2408	2.7076346056793277
2b1b81b93c79e7314b1f2b5463d05a90ab395e2ea8abadf79a6df45a6d70d166	0.8663623450639115
dc5f9e6ec4bcd466c6c92d50f867a9b7c20cccbbfff70c7bca851bd7a88aeac9	0.0013876614034725506
5b1cb652e5b56f703be368352e8a2343b079ac4a76e221640891bafd0f3e191b	-1.716345148376493
55f16c93488d6ad723b6a6d0dffb34c145411d2f467b3ad9e056bfc434410cd5	2.5274593904832865
34675ee2d20ff2f9e9814d2b8d4fefb9f764f6aabb5db0fe46a462e0b59adf3d	0.4163182067424251
f9995de4c22d0434a2aba7afbdff3d9c46c870b69c5e68f525fa9b8c3831ac05	4.544515442013165
f24bf70ff48829f31dccec9d863102fef1e20f6e490e81666c8ab6e237a5f08f	-0.16062349919792066
c8d00ee38a4aa06514953e57e7492412cf6b1ea14a2eb5c132cb55c0d617b3a5	-1.8740545859980668
0751ae79e917abf73a89abf9a28c7b2b7abf6cd980767b174f80451b2511fad3	-0.47679681754041175
4020df031ce2425337d4e36bb3c7abddd9ceacb5797d6248817bd636221093c7	3.674998312166487
95448c19bec714c0e85486a58188bcc3308e89e87a88ae54da6f2fda9b510a62	-0.2840903035373024
288191d4a9cd5ba666e8d9485c13968a43d17a5b92e03bc1d15519c1f3876b1b	0.043247346996506675
187c0050e822ace38a2a1a117ee81bdf02691ac9471b49c451ba6135feb65068	-2.7509679177858635
7b8fe22d60e8e619a2bf5423b0e14c381389db24ce661d97824aaacac9cec1f5	-1.2536137261221172
b9e5d225af8d3289e2246ceace2ad0088fa84402ce1b8df343434c549591fff8	4.73346105571807
02e1056f4ddcc6fe24ab65bfebf391e79261daf2735eba8ba1018e227caec9e7	-0.4851448216612371
a893da446eab577df6af1fc47bea97eeb4ea816d57e2a4b5d0519aaf4822ed07	4.365128286204567
72e1b8147ade800484ff768015f33e3b988cba84d37ec9e30e0377e6de4f3f46	0.523569972577688
c0bd05a130306e2368435661c44818670bde71588c0e1e7849589ef69ae6d965	2.6930597396008684
62c7b510c2bb72cb002ea7269566e407a223dbada63e8f3e63c2ca167bd7e7c0	-0.37913212688888687
edbc98c8aaa0d040792dbeee9b4657d69c5cad756dd07289d24b0c5b91e7273e	-0.2038490833657011
1a634e337b5b5c8dc059cecebf9d648bafbb121de992bc95c58b3d7bc83f4c10	-0.479819804488551
cb2811476efdee02402ff0755ff997cd56578b725965b937773eace42f013711	-1.4071756509351012
ffd202bf653783a0480529563f7aa41e0904e3f6b09a0f5904e6e9b54947ab73	0.25971328858362347
6ee6ce644e3a119dedfaac30a7a2b57858605b4d0cb0872f57b4b30b53a178a3	-0.3670018387284468
3818a9fac651451e0822b9bb990fde6d71b001523aa8b26923705a6cb0b23c93	1.6187280809576403
4c184031682839b2f0a84649c4b359077c43375f40645253cc83e4dba604fcaa	1.202367066238018
28dc4d86f3d40102de81a44947c5354aaec764de2d6f34df43d81c89beb27a18	0.14298677778514512
6545a12ecb2c08784d87d3bad87aea89d6cd98a9759bbc498655355a37bfe39c	-0.0044603923260510825
dba7af5bd3020ea046d29169f789e0dd02ba12f6644e2b41a0d140998374e4bb	-0.6066653294704577
ea49c4f53582af6d9bd6ba3a525517848adaad3fe46fda4d5bcf4163b5cd0cdf	0.6195016831364173
10befae35c52eebee35010923b306f45c0ae9f03a3c605eca6f98f6949943384	0.43218654482475694
e9243bfa4eaeb2377b0cde1bb59228f8a58e3728187a7da18dbe3feb20eaa6cd	0.0038645255828771707
9b8125882de7066ee65b6b052e9afc63a15189eb75194cf0f69124163beca560	-0.06364605734272397
98d2560392f056c8d14cddad352c66e725656be1d181c7a5fc80d51fede1546f	-1.5940576751269002
dd03cfdea089ee192e9d115d40697312528791b0a2526b7293efcfd67304178f	-1.8087963425491091
844574b4b17d555e39ccc1c53b14dfb9022ab3537e1fa74981aca4492eb0f399	-1.1127399295558384
ab51c3d2e750020a4421dffba40bb5ac311c0212a76e94740226ab3c8c44164a	-2.3343966380378474
b3b106e9b341f4b611254899321c24314f9c8c6880dfa8e03c6db18707e617cc	-2.179308773390862
c328cf8ed2eafce5f894823420fcad3802dbb969831efe37d260e34722aadae9	0.4171745767490824
42e9bb8419bf513e1389e9400b05d0db93a773ffd8679739e5c280ff59e945e8	-2.4155013552456244
c0a1450d8f4a56ac70acd03a44ef82b9564dd013530c61a9a9ae4c5414d5431f	-3.3343914670778596
d2b1b53c8903e40b287ff80b59c7b7df2f9036d0faf83079c35af29bbbd13cc1	0.9646835693662283
953678cc2658b27d8198cdc9f1c09c24fa3d1e5946a9a19c9c71ff8c6223f56a	-0.7154521901608957
6a48a8359b0ad7b5e9f1cd903b459774a6ce2ffdea096c6a73b60451349509af	1.6310776236123246
6b1d15fc1429ae5c31f91df97905030f9342c4feb0b1dd0a9c387118f5e07439	4.217512762853486
76178dbb852dfa472df093e1b9179d23f62f258399a223d6e943aae31bc228e3	-0.15254117004458537
f3f29eb5e79c64b07d3ee223afcb8feb6ee8150fa73759b330c8b756d2d7ffbc	-0.4576200155595465
70a371a6d8f1ec08e75887bcf2edb32bdc2239bca81d328cb1e08a91ac794d2c	-0.7578268285832903
eeefb0525fcaabf422f2e28154e1816b56f0f3a891b85308ffcf90950391a9ef	0.9142136025451658
f173c07b1d07663d079ef02c5acda0487f08f7f93463d60ecaa5497b26804c31	-0.7206558492141646
008e4aa3eb04799cf14d52f56d35dd3b8e2ea4380742bc826f352d731446b2e7	-1.3867328285453828
b685369972939dc26c3d6363becbe9f7958d7d2d48c8d4d82749a9d548c7d0a5	0.5185313036163238
4e118082d2a2220d9655308f56d0dc6135eb660451daae8e9d6cac116b765bfe	-1.764527346468156
77d0e6ec75fe3fa10deae61a65150627c96ed702963e2496bc19c27a1c485cd8	2.8677715033382114
9d146989b21fa69888dd44c26d80b4d3ca665bed1b293e9b17d9cf7925764262	-2.8768972193064877
037b39fe7d2068b2def8a09e84bf8d58430300974c1d832a879f91a9a19314fc	0.9343277817678769
f23fb956e87a2b2c1365c1c9c6b68f9cdb0f0a2917d48d9178487b617ded7de6	0.12947418109319364
883248fa93a2611a60d90a32644e6e3c2a9dec4154a989a78fa4137c4e698592	1.617376713248309
bebeb64719f1a17ac9904cdfc5bc46e07856556962670e246f554a803fefe85a	-1.7358841859713854
70c49b061117114a47ae347357097dc07612c88b18b4bc4677735e498343adb2	-2.431797873468591
eda304ec86d2be947dbe0e9dbf48399727f62ff28545770d0b385d7793b408d0	0.13464287890758098
d6c9467924d0e75a9a6b227523ea327a6c709e8ebe4634c5a13ae564464093ca	-0.6301765982203669
10c333773ad80b4f8d7791ea2a0336f558ec9dda88472048655f7450b318955c	-0.8048821002928604
236d3ab0cc29cdf5494b322565ffa87a33e979fbe4efcf02a5e03ad1b6eaae54	0.1261626890254086
afc48dc9336fa68857539a0800bde80d6669092551c18f8b7e51d6885f78be6d	-0.8489978265427433
9f865deb9f0a951b07703e035d2d636d86ce7ae6a66948291ac7ed955e92148b	1.020053110937616
c76952c0e70351ce5e70736d74b997c88af0f0c8ebc7afd8b8a7b1d28029ab94	0.2875562354446518
d68eff2347b8ff21513f4b3b4c8a148635796970810ff615a0d38aa574a375ad	-0.5909781383253876
e848a9498a431c5c3fb1d841aaf8f579217720520ffa5afa7e6f0a00310a42b1	-2.5140084041595676
bf5a45fd8cf0badbe21b519350f414a6c610e452e2df157d205a9ef528228cfa	-2.5690252050200626
9c81059607c0aabac251a06f36630f3999170b6953fc811ab9405cce900364d7	2.868899295128223
ffe24b3f6457de7f239da9ea8925fa2a5e52bd91a905ec0f4ffcbebfab119d17	-0.7968989725513531
04a680b59ec5c279654b336d38bb0f08ad295e4072c9fcb7e71b811ffae9a6b0	-0.5479634750330051
5fc8aa97ba5042aa520cb148fcd62f428d50b4992512bdec14dbcd0ab1f379cb	0.15188781804639045
f8046bac12f9313a01bc962257a6234fd926231712cc1bc8ccd8eb6a29c69321	-1.2176185524859349
e9121bb2395469c1ca8fc7c1f722387339b466a58f97dbe9e701f4c2f67b2cb6	-1.9262699847324418
474d700787e524ca7cfd92702fd267f14687fdc732c689529303a24e2ac18441	2.8371611712331064
5b47dd87a655050737fbd77596ff862840333d4d7d96201dfc7ef274ea2c3422	2.7790615601752426
cddac1b7b658ef5ba8d9091433b27c7f70a7bf75f622cd92cd88ade73e7fbcc0	-1.459845201977802
a690574dd454eb0eff7e5b421a968216a21672f6698324f07a70b01f6a1c5305	1.4372373052721843
b1a82d5bc466b62fa29c049686a4cd7c57089427fa3606b200763752b7bb53d9	-0.43221271023847396
908adc6a4a9c7c95d64a692bdadfc4e4da7f5236e48e29e56799599ee36eef41	-3.7134754702278534
ecf2f7a7b4df093a7b5ced6f49594bb4af59c52e0e46d0f5cf1b9fb2c1f0e848	-0.04150777493715388
6678cddfd7947d2c255ea870e9fbbb7eb38f2298d9f6c223534c288d24ba372b	-1.1014494918949074
83fb55fe0ff903dcd38e14b27115e4f7732aa06bb7348b956f2a617f18b49703	-0.7645367004724549
acd991852a618127a46b79a3ba24df2192c481455096fd28e3a347f6d4052397	-0.5888026507887476
e55b719470e8e99e9c81460d7bd39f2a08db63e8a68d4ccda87c417f87dfdc6d	1.8835510555942894
781929cbaa7fc2d8af2198bb342d694119d4f0ed1ddef6f56aa1ae498c31f81d	1.6069779058804305
ac8037e6e5582346a95cf32a7dc8db6a58c71d1eecbdaad0751a066eb0318b86	-0.9576221507326774
6d239ab86ca2505f4b6e6cdc6fb833117fe9f84b577935c730b7a789d0933d92	1.2946159122417291
a2be0f784eb45c78a28d80f9305e39f6e4748bf08f48bcb84cbe7435da5b4631	-1.0093689700259802
583a6fbb6da65c34cb62b04b3bcb47900c1205835ec74ce9e9ca6cb89f02fe36	1.3303312664687048
01e10e4163f5c9c4a64e8279ecf122777bd81213a40bd3cd4c9c727323d392fe	-0.17546187194387156
a646f24d1f790023dcb6847c7d87ecb33205ca886658595c00ef916ace7ef270	-2.3870833179051414
2dedf0b628a0f88d4499ae197fd8ac6f12d385f35e03b178e73512803e744029	-3.0635336968944102
6c8efc18e8ecf29e0f9cfcc89130bbd61a84916faa82a550cfd26983a5b83794	-1.6200661036444235
220d61c324750fed7e9776fff312c22a4ede0854d50429c0e8eaf6f0921bc1a2	0.5695046551664924
c5940854df66bb42fa1307ea497daad7923cad701067ce4d14e93f0738ae20e5	0.7792457680055517
cc8ec34f5690c0f2d5a6c9c22f17cc8fd6ee2e12a68f86899c713b77393ce7cd	0.3532773059177181
9257389948b0ccd47807d0a642d963ab91434b67f33c1e3d049a0b4e56f10f1f	0.7602828962953087
6d3035fd0762c91d57918906af7f8dbb1637300b3596ecf510394b7eae93fb34	1.783293479741331
225a9a60db3a8474a5d1f40383666ef4a69d57d8905b39a95b498b43a81b75f3	1.3019300029684913
3999bc11f69d5d46e3e3f19ea050e0a5b320118ca1ab6e977358375e9487e1cc	0.6522014344625928
682715d4d9a99381591666558a625a186affb948cd3f276f1a05b2139d354827	-0.1713344337175199
7916f2ada8802b34c870c1f02966084467f705fc47c1e430fd36bc8adbb60244	1.359199281011614
b69e29d0e271955556c9cfc39e997add6e8e5663c876d8970b13333e8e0bcb98	-0.11696860212411044
cd0fcc6359e74ebfb85f674071c2b7655d9d032d6e8b32452d89fc6c8b98f439	-1.1085311110904577
0da9dc06d55732174f51e87880558e1b8074b61726fa5922dfe10608cbe7075f	-0.8551949287066912
7be1db7fb600c17e90804ee0767ae7f3014270e23cec9032521986cbd9c3a43f	-1.2873133691037688
de6d51429b4541a963ad66c6e48747a131cea58ebec2f6801fd31edb51b9ffe1	0.4699399594286073
c06e9068778b2c8bd7d85da8087693a57ef5411aa847e8e23bdaf5745e1b729e	-0.27918888904680844
d8f4ac1b3ad2fcc17d5424afe022fd13fb0a9fca78f0768fdf4df9b9415873dc	-0.6441982056676723
f3fab7b37b11020563bdb421ad193ab19d2b452836ce330f567dfb486d7e0a58	5.050301752716124
fb109b6b313b31ffc29eeab5548a13b4dc817db248238660e679e0bc9273712c	-1.7936075635679778
27b401f1dc709b5a24a66b9f524854dcf2c170386574686503dd984c813f43a0	1.0616572344037931
83e7bd8d6ed12223b8f47f32f7d019ebbb706aae72750eec1a38f5a98490e91f	-0.02093824724200971
a0ce9289367f7618792b4d8132e85a17bf49804501f09c4b98916cd7cb8e107a	2.5652327206406054
4037a4739e807827d6158e2d0c5fbdfdc262498907f396de4e227c8d1c81f9f1	0.173295946832296
8327661de0da787dfec8485d037452eedd1ab262d1c1d30c38b23cf866117a63	-0.09198693909190286
7483b08e0f1435bcf6f2ba086673201bf7602f038066fb0db94da237465bca28	1.1964019229930531
5833686832f487ccd111d76ce0a6a80cf7762831b4e1d12418c77fe6cdec612f	-0.21597611959554905
0257b01ca53f88884f7f6de01c6ab0ca15d9df27f115b687ff2aa867ab5a044c	2.8599663134669955
0ab6671fcdcb1ba905ea2e5444efa1c27fa8c2b274d3fd3fe42ed2ba495e538a	0.35340494808622164
0f52bc2a489c346ff88a82da5d5d3ef6d0420a6f13353dbc58bc770a75347cc6	0.16465707143368175
36bb4fe252c09c3f1c0853a3a7a4e5259373cca5325cd1670a0a35c260dd2aaf	2.542116672888639
69efe2ff4969729c686ba0efb9c6cef038762219183ac08a87eda458cec30d5e	-0.1411086235345498
cac32ca1fd1076ae1d25df58376eae9f199022b350bbd82aa4d9795fe8636416	-0.6826596086198018
6f789442c0ec53ac92f2eaf850218313536dc5433dff3866a18c1daae43a0c93	0.114877825615048
ecafa321256041b76089fc90aefc25a2169598e707fbe6f1b76bf9bcf7a13e41	0.988950879001034
fa22d94f61f2c8d5bb95b463c611d593f7127606886f80b3b7f6c8d3fafba6d7	-0.7222511855640118
32815dd963e4c4916ca16a562222b6ae7d35c90dc880c914c26976c648752e67	-2.5728491983171873
d9d6e8d6f58b97b3087754a35a6fcf6990f4d2c9a26460bf7471e55cb60e1571	2.1902124440113924
77ddebe873cce3e4f86f481d5a47a6b642bf56ca96a94920f839ec0c375f433e	0.8415964803973272
f89f6da0a60543a15d6641569a33f1d722e665bddeaa9d4100751577056b21d3	4.080830674777598
dd70ea6af4305e3a72750e15e3568c5cb986b8d43897412f6b76f7cbece1513a	-1.836096985518383
04357da6243062cddcb902af4c599824d4b80584f5182a9cc7117a0d79117d3c	-0.9368348953103764
f1996cf30747b84b4aca51c12597fe303a1b4210b39fc0da339093087e1ca20e	2.0909962269202187
2237d5ccbd2beffcb4dd0b17fc63ca7bd8731eb9100c0fbb99728b6310e5f6fa	-0.9128826788977809
c5d9947985e7a4955a9d0f1708767135a7f1a6691c023aab19375843c6995877	2.1436032617405174
5cf5a75466dcb950c38f13e8e5c020c04a8f7ca283c34c0ca94065e80f8ace97	-1.0367429763542444
a9ab67d069d01871068849ae69dd75dc1a2cdd2f4c03e2998339ed97a6592188	5.46616495688824
4b90e5adf44442b181c62f80ebc898e384335749e046af32d28915337e9ce6ce	-0.7209513474508377
d0e1607c416fb2c9ef28fe05fb36ee80da0e826856f838fbb11665854e571e01	-0.9707795706950859
ee1c4be3e67a22cbb07807c0635fc75c3e9178e546caba1ac372057b06ffafa6	1.4608754092687122
9f8f33727c8d94e83fad518258cb78240b4ef5983ea1ef85fe9d9c61036cac7e	0.1914932361983122
0a23d79337f25f7d235c6d49f9cfd7b57eca5c7cd110656700a5dbae2f3350df	1.3050873725292162
f4f0c6f5b4d937df701159c53940ea12d5f138f4833d6250a3e2caf7a038bb57	0.8363439612012573
09c530692966ceca262c7868cad01f1dbb7d69456ef568120993e5ffab69ebc3	-0.21615307870297704
f0a42e8810b6d7a0192e8ec9b1d64debe7b3e08c9e035b0a2238ab38c207bfec	0.6508952490722173
ea0eb9452d4e48c9d032e4c27cce57ae5d862ebb898c3466f2a86e9138108eae	0.17290988132086232
430a835c3b82bbb280edf630b41e6a4d911ea00a626444e9eb764e3fae7a525a	-1.2987757052416369
04093974c2b0342b678999016fc89b1ba117b40350cd82f8c2165db85e6433bd	-0.21660356391556457
235dc426e624e1c4482516dac46032157898e822b1f8fed7427fbed154cf9fb7	-2.168449071566962
d1cafe8af733ffbab4cbadae57dd96b89bd6c48e74fa5042eb1cbf2bd8526ef7	-2.025609230601122
47bbb02f96633a5a49e4d04591cf268340013da61ea223641eaff613ebb00066	0.01826639338539541
6e978ac50e4baa5e28905afb490878e525a181d7355c47432db76e7444c3066e	-2.312808502244542
33ec0cf1ad827d5ebe099587a7734f0696e4790d6a496dc2c4fa001a33fa8c84	-2.7717572299567212
7abb208cb0cfa15cdb52e6813dbde48179ffc3aebef07a29469156967b051bfd	2.7789858431078125
1067ced7714dfc7f06e47ad5c80de9bfb71e8ee47e496e7647afdf43d71fbd32	0.6525798704459045
500d0f005fa243c27d1dda6d5c0fd65fa9cfe17de9c370029140bb4f6b641fae	-0.598767033845117
d5213c50d517ec2b6170e5df74443ef6028598b7f7337c098af8f0d13f5360e4	-0.48966246102687633
991f94403d9fe9bcbdd985e8eddda5e873e91fbd858a99ae38b6dd90b161fe70	1.4992126553824656
56571f8411e1184c522cb7de8d843d6a04a75300d3f335d86e1f299b3b7f6b29	-1.1709164186773215
cc29881db9070ae2b1a53fbfede341eae613a005ea7651c3c3c56b8a87db637c	1.5525135087704058
5861e6bffc0c0e74d4ee72b2ed1a449bdc2ffe24d0666eee0d1d3175e4878eab	-2.1477211573747303
04009b437b579723bf3043615963dd10fc5722efdeac7929fb2c14af541a1e28	-0.40345187411529027
65e404e9f019d0a1a07bfb8024feb292e59a9f08e8a10c27aff691641f68209e	-1.3256862068555875
20493ba398e9f5ef3d59ae21f505047567dcffa0d00e2cc6043a56dd62b5cb1d	1.7916216542993098
567ecc9f9ea78ce5263e6bff9ed106c8e1950729ef916420d14275accc3bac36	0.043520224394552706
ab9e215a67b8a9a4e8f292332ecd069adb6c310e75b3153e7f920b867d8ba906	0.7563670909121164
536bdb75fe4c4feb09d9c38787cf2a61910f31028723e8f8758f38c03ffa852f	-2.691689402035406
eb0455c4e4962acb0f0bad8cd29cb0e6835c576b538970bd2df6f61f6a872910	1.7324865214186742
c14d1a599d54969df195cf57eedd0e94550b3fed7cedbfe90130700662cd1b46	0.7776724832659543
efdc6ee9a3dd0c6c7a46f461774ac8ac1ba3aafc63c9b5456b8d48eeabc7295f	-0.35906129561045774
19770a1f51c503b50963ba0155e95cade96446e471d782d9311e3901864a4b9f	-2.344824897576239
466838e275e582337eabb7a5c2c44a2323e1e110543237015d621ca4256a2a13	-0.6208843537143945
6c592e3295eaf9d58159fd26328bd25a2a03e9fb9300fc0f4a22cb8fc6004554	4.726260121475755
05bfe621519de5375fbd609cd4d15fd7015de2e2a23ad82116d2dab82762f79b	2.4375176485578307
9955d3be569380dcb4ce0a1195204ffcbecc8b025f156a8b3a5ff98f6dc715a2	-1.8986153644642334
06387103a19b2b4fcb15a295333ab5628f60738ae38004815c4d5db0893075e0	-0.10110480703995742
2b08c2088b542aa9238538f29ed97f62da059321b203cefb1fdc079ea4b200e8	0.5287491845592485
d611ed18d4f4d18c3ecbf3d60de6c26f3e35f71aff60506d2a85972ad28ed9e9	-1.1811562243046978
a8ebbb92a1e886d91b209bb046820d5d90253b3dc400b25181c5ccc99422ba51	-1.4339854162683903
20f785221f884a5df1a9865c0eb2766c068090c7cbb3ff7dd9590953285fe514	0.6434283853839537
fff53bf3434db1fd7b806ff2e345fe6043c7d521d038dc2a0fb0d9edb8868ceb	1.8348445879458024
ffa1c50baf91a34c7108d66742968c31065d3cf273768036927100ac77ebc4b8	0.35970193468869427
2a364272357805a25448747e1b611aa484fef6c7f38dd23a7a73dc8ff90d213f	-0.37411928134157146
9a3b09f5e4fcbcb8db10247dc01ef2af928a4d7d89b8091d602633cc11007360	2.234071584856445
7f339f035b27cd2e7f1d1d4b5e2981549f908c3536ec7a052d8a990f9fe215c9	1.1168134507239424
62807302638230535c798719c6179a7c8fd9a20cdaa3a787fdf85e30713c20a4	2.8060876319391985
003826b02e863b61b185ffeeca433f10c275e9167dd986f4c197a2e6e5e99f73	-1.2573992363063498
177fd901e9bac6738590154eb1544bdfd60935b8196e8753280800ee0930ed6f	-1.4730336470086185
60c7ae5467e7d0017482bff64b5f68293d89ec5a3b0cf59e33139bf8bedf7a05	0.3774623875185942
49984de6fb2367c7314b9a1aad842c71ebb233320e9707bacb123e61e6761035	2.225064538130566
b083ffe5c8002b590f4affa201500528457cff8bdb801ac584b7fb4e33a4b8d0	0.5506884471650229
e66589e83950a5d95e58fe585133488b68df933f6719eec14a3f289b479981af	-0.5575324715143507
6f36bc27698ac362e39409a79d836b3a2ec87aa38cc968eb95db5f7de08024c0	5.868775763920023
6b10ad1a0e6bb0f9de720d52d8ccca7a3b3d2a5af5e4fe2201cd9a66f049dea0	1.8283457195648223
d24abb6cf430bb21dbdbcc2c9f4ca5f4780be40319b632b25936a0968ae952e2	0.9245542434342932
103dcad69339313c0ff22721277427f7fb2bdfbb93c8e74721a7064eed9730ea	1.6128572620556472
7067e9305a4377265b12d520e01be9c4ac713f165f9633cfaeb9a983bdd5f38c	2.1934212855762096
255ca07f75beb2418d62016422312f0a58a413cd46f71c7499d47a15e36eaac5	-1.7199925194226497
595ab9b22f2440988ffc12ba9986528c4596f2ff742b7dd0c348b4fff2a1bc18	-0.8164255667523542
340c48e9aa6b57d870b2ee973eba4266d73145366e2337e9d665053c3a0fe4da	-0.5250945022650869
3fc670d34a0ed28f8c6da2949c4f10e710f5f4d4628e8d3de77270e26a217c03	-1.3436602239267486
fb4eab1bba7923b731943e3f9835a7f0abb612672708d8e551e3060fdbe219f6	0.9178715618489409
150771aa24b40adb8e18012190abbc007c89c663b526865dba8312191f2826c5	0.4832580168836047
5c166f1656066d0a78b1f9ebbbca98c363c4639fa2be7a21e57c7ec73efe6976	0.750497374305677
f6b3c8697a72d97f2dce9116d5f5bb9c99f625f3bd7b5d7da6d3bdaccb6f0d50	0.6781408009042824
ccb06872e6315a5f9c5d1c8cadbd0b26be79ebf61aa818e50e87c594d8988bb3	1.14224135776519
11d9ccdb7b5eec1837dd9f9a07f15858ae9a81ae9c0a629a4a6aee1d6f3a633f	-0.49537429865759647
b1d2d1146b906d14f4b05b2a37db40cd18efa82788d883a4ec79a7d610b13be7	0.5405016157973654
10a0e2af1bc8f73d3cb688064b8a879ede9c7e3d2a8fa16c23992753dc5e6533	0.2537184726881383
89bab94e23ee3ecab3884543e3f16ee0465b26c158bf143882c0148011f23780	-1.1501151664059333
10912a86d15fb68977ecd0b41b8fae9a797fd0b3083cde4d29893d9ce75ce9d0	2.3331749950348377
7616bbbb9745b33370fcdac4c189816058bd738d804b8cdaf354af82ad252f40	-1.0358643760870854
b8e990e067869991a293a231e35ede20551b44cf3069af4f9cb5a281ee0083c5	4.201061795005886
7fa713d59bbab3eee10a44e2ed2e3acb95f802f71e8a0235ae436726d081cd63	1.8492251932898867
e56be1a6df93c1f16c13707e7c880d9d440e11532c3a3e173eb2fc027e539e13	-2.2430756631367905
b64be2413c0e9786e79ed714d892ce85978a6a23e4568f72c200ac352b87051d	-0.5438812742532084
4aff5925572a0171687641782229c7222bd419f15126686f84ed774cbb1abe97	1.4593744364516263
ddc74bdc5aedda9f758932fcf15f948033fa698b1fa5bd618ae85e59b2fe300f	1.422792701505142
cf419bb7730d39ab9064baf879e6682b3f2dadf85cdec99b6613be2d1bf55dd9	-0.6751456200958118
9fd749a65eed382901ce3fe7263e368c8394692179a84fed3da95853e277f9a8	0.28257919138184634
b4893c9f3084ff7da67278d6bd7bda6d58af10ee139d17d767cb94653fe9084c	0.0415038286415052
214a10c503c9b210f647d7b0ce515d6d4ffc6d3e4d6a3efbe7fd04b62ac56c4d	0.6252267739831854
bf23bf5f61280807bdc78fdda2fecd66ceb3ea00ff7992ca638e7028769aaf3a	-0.3081983092649499
a0a4e08dd3acf2ae2f8c2fb95876cd9dfd5b8d2427dc38a569f34572fa2f1efa	-1.2176674155667828
6f2a764a0f85d627efe58b3118456bea58f93deafc438f37baae9b6c06188bfd	-2.3700429380135994
52ee5b1fd1712e1508b4eb094e732e9d843d81b453c57db181ad9eaf6312cb7e	1.3706035180312153
421bf9e402a2697b6a8fe332b8eac72ca4c1460bcfba69a29c02c7880214ee7b	-0.6582773434384852
48bf192594183fe1e456d5de38b621243c9fcb393cd2a2759d3502b52a0cb96b	0.07391691926344736
a7e77dc0d9bda9500b874f5e3ea20c4528b7334d64a51802fdc4cf7adf97c90b	-0.4677799535125821
7ea4cbc61722bb59a6abc8cc07f607f625ff53c0afbdbae24efb57b121813341	-1.8782864341301113
1f6899ae4199180472edb81701561d2f9aff49c9d33dbc9dc7080879352966c0	2.4069776627049717
11f6bc8bb7b027b6ac31a07ba6b1fc328d66a2f6613a7aa383a84efb992daeaa	1.9649014802413156
f592e89638f2def6ddb3cf02e0b5a0379f8306db7101f761eaebef955eeed7a1	1.449195576520995
d25d5a0c4ddc1fc42075528ccc8b4d8481220db28b2beede6b7361a5a178dfe5	1.8222329020598895
66a01512d7bc834ab76bb4665b93f2a086e74c026941006d61d52575441b4e71	-2.3534187245642837
52272f3df308923e50626c93a2ecef3e7177879095277e02f38894ebb141a0e6	0.8408038129406282
76d804123705f912aa218a6326f119a3695124f8f6450e703e5a465a385a6d9f	-0.5841977677399715
0a7dcd6298cb3681288458c017f9488d090b1ae2acac4ba6b05362fc6a006783	0.8260743880524141
10241d919a9bb411059b9872f03c4c30531f96613084e4a496a1040284034886	1.1337978034177223
40ab8655d0a5e4ffa2eb5f1d23668ac274723d4ee5afb9265d3a2abf7e63141d	-0.5112484991319026
3ab74656ea0144d699063f99f808d29e80aaf0c4f6e5cf06373961392bcf399a	-0.3829576950105419
8af68959c8ddc0a068cf582d08b32a564a73187b52dad3391a203077bb48cb91	-0.9268408359205557
2812faea75969dabe67ea141f9871da70c24b2f709c543165851f05b8623c240	-1.9140094100086207
483395432d1cda2b6fc25efbc73b84f2615a9d25e667dc418e279a848ab5f184	-0.2473434250479006
d1e9ab90b694f3d9b791ba3138dc31de3986d9b5eba67b5e0cdd41a8731ec74b	0.7757102953839395
097e6d18da07918cf6c61a5eaf336d04eea4e8b2d09f34b9f47d6a001d5a3334	1.5787154546688011
391aedcb7ef3c0f6c0249902683a9de0a77d7022cf82b34c9109b52d520a4f3e	-1.1706451837094454
368fd6267eb613240087dd5bb4b0559cd5bd6475a3da89e80df94152414aadb5	3.0200032170940507
038f377693da21721d4f4e88b1f254e9f2d02d6ea73ccd61915a441dbcbe51e8	-2.6696255780945033
7da2beb7042c3e8cbec3ba73f28feca0c11a1cb6f9a0dc45ec535504107bc7e0	-1.1327283185407067
417fdaecec34aaf71a96ffa77ab0fed7f7aecf257bbb5cb418411facbd889f84	-2.2906545718651503
6466c0165bee7f9685e0b02497f3bf87f979d8d61e2f6ac84362d01f1d251a74	1.3166302217359758
d6ca604b5ef9c9608731a52cc54cac0703ab3ac1363aeff2970ad40417a8509b	0.2612972701797848
ff4f6e90035205456ce16e426c25dc8d2c8c31232eee68434918011544b9832a	0.13879671491820925
ed219051f4b4f5abf0ee5f4ae368a14710614c86e6ce2b963be76c626c755690	0.39445136683984927
ac4fbb5b465a5bbb5271cd7d780e4b19ccd3ed1194d4f6e22221858a6a88fd96	-0.8197123344794461
15a078e5dfaba38b76104dd4580ef6793c401e295cb487266c8cd9a854e096b3	0.4394890919782847
b15cefad8f9736f7126967b0f6734216cf75257066fbecd826fc5f4be8ef4123	0.5648524344216761
d1719057e2799e25dc51d82111f985da0f07f3cc5d3092fbd7de718b41a5edbe	3.396342548895162
96c3626fc76d606abd36d565f9cfb401391a8759dc4643b153cbf65c622cd35f	0.4765393643132148
f2916de188939b8ae2e5ceb2600b390164a9191256f8e32930d22b370ffb1c83	1.3670933527114268
fc32f7f14fe3ad3dc6638d053da2eb565e64157c52ecd53ed1015daa781a6ecb	0.5614110573946447
2fbb74d84ad6d294d27b796c27237de3f031a6d3abd5b8bacf2ff2315b031d29	-2.3056553617726996
d3f51b0f1b9051a5b49589e5783cfff15a22b67075bef42c5d49c661f72e61e8	0.13560127676836808
29fcd6d2a29a37def0095eea7f2bae809812dcca4f08a162193cf52a2f4f325c	1.1525479446937141
3cc7bad22a9fe813c1b0576f7dd500519245788139c7cdeebee33b5337abecac	-1.1175496996731922
7c4ecd40e61fb69211786cf668463ea177b7d1e64f957c5dd4b8ec879884b8e6	-0.39234026793680665
c397d4f64761a2062b83453862f815f1b370362f5d08e2c971aed05b60315bd7	-0.48059483048811147
b36b89fc68d2228bec270300f876c731859ce0faf1d32cc3ff0b1da9681c9c0e	2.137189480945216
a2483a64d290321388945c947e39c92037ad1bb62cde18bef4a316160cccde4e	2.1050762613494225
784fe68bfa4c344b901d260e0bf0ac9cbe1424f10a686278fab144484d8737fb	-1.4725206432659137
4ce6b4414f35afa8d5a957c120fcb51621bbea0570b6b1476f3a1e99cd36a8e3	-0.4446289207096088
e7a18d16f884d5874cb87d4588e62b16b3d067cdf497a7898a7591161f01e485	4.142165196244009
af785c925cd32275188ae809dbcb99b5460cc3f5eb7b834d627257c8dc68bc3d	0.19066000536914446
0a1c34c3dcd106e11a9520edba3f93403c848eed347fddba9fcbd24e94c2f5a3	-1.9813830497519285
ead5b2132e8aed62e75ab33d4b029b7ccf066c6c47a9f7bd75c61213536755ee	-5.600523613766567
e0706502bf7a8f5348cb71c7e16a908c6d0ebca6f22e2900ee5fe4e7d23d6050	-0.4641559272394544
12d65cde45cccbfcbfec2d187828c33f416529b594cd6e6b3b6dc3c720f5d7d1	-2.445468159375268
08d61e6a0374c23ceeb7708f97d54e04b230fff4b6ef45b873882adcdc33d4af	-0.48054891352554396
e51a66efbc5d4539f318241dc7e1a0d3307cf655059deb8b81f701818a891253	-3.012972805874195
354480f74e4be65c9ff0eaf007b9997801ee9b157d74292e241613c741a14d41	-0.7847444070297049
7b06c009d93f1a1fd18eae5708e200cf2eb0e69cff5221828eba849e5c383795	-0.6675488848082068
ee14e04e0cb984fe4597d8970ef4cdaad50414f0f3be19c90fa9fdeee4a1e520	-2.581476506541809
afc6978d5fd49feddd76183449a01ac0cd7e33fb93a83c1cb074194172438925	-2.3289783320157555
b1cec091b04749494768cd2a63255ad53baa8ea81e55c75b488f48a8dcdc22ff	-4.084529779203528
cf38b259371b714977518716c14c5716ea34b0da726c47d3d5ebcd1b8c36a272	-1.9197666255345407
f28699cf8bffe4b00e9718287b2c3233892ecb74a344cfe31dd40c3088c95839	-2.173816799510862
be3581b14d14d4dd77f0e9b6ff42173c5d9cc974edde28126421cdb6efca1304	-0.7168249861601302
66a21b05291a87adffecaaa94a3d6c1f2e2b38c04a7de2097e62256485f0ab94	-3.2295433165656835
0ab4ac0abe4e0d0f48b605936cb65eb8c9cfe6ea42bd69927710c8f1e9efcad7	0.2753096377918483
2742d71c323dccf18924ad9013c024bb4dc5f410bc29b1aee9a40442e09a0a10	-0.05110079181550542
f81cffed7e49dd99526872df49dbd6c3a0cab9ada91d384524528ea0e8217742	-4.408970538884334
ae006b07f8cf2eaada2f656ea56e4719c10d33f0c1a6cf107cfe0b83d581fbc9	-0.7194952315804407
3640a6b6a8e601eb0bf88118bad1bfa14e7e58574741673ff76875ab73ff0a1d	-1.837880613119346
1aab8f765859c64511b33e8eacc8cc23f188848cebe44dd6d4d340f77015b26a	-3.016588075662036
fa943be79aece8a93fe6d0281481909cdaa4f2f3288c6a7df4b1c86aa7885a2e	-3.058920748147281
22563999792e8a4c55927cc29c7a2f4459f3aeeeb45703a14af9cd5ee9558870	-0.4444266512478289
5353b8c26c7d271bd171b55f96d37b62b9b828969fca7f4bf950264cb90a9dcf	-2.68552861620733
7a43813d2f0d4977a89da44d831f5c51cbb22773673511bb35852d708ad0d936	-1.9498711362933276
5d7901dff3d5a1d547d8c198401fadb1374f49aec104401ac75137e68fb29e32	-1.2218199501797744
3588e9be1616d452a6f73ae7dad41cfc7719527a50a164ff8df8fa432f8fc615	2.222055906457286
ed21ce320f0dabaf29ed84cb239e05ff9c6124a57fb07f215a9741f502a225dd	0.808785588599778
2222f096bd287095b33687676b1393eb2d2f697948c4bb5441ead8b306c02281	-2.994149555892605
3ed47a5cc4c6a2695fa4fca1b4c436c991af7eabbb7b9286cd8e92f5fbc13679	2.8999249503229696
b7998f039e81927c65fffc74d08d4910977576e666d09e9cd26240d713e7b50f	0.41452643698101066
a29d7cb47f9f8b748c67ebf0431beacc40b36061c2eadbdded0dfbc2f0d94f94	0.10372450667882949
bf4ee53dde6b4868c4abda8f3aafa61adf394b8f0891e272fed873679e029ae2	0.4729909875427894
66ae550516bd6a5f31540d694ff5682ebc2e8e39b0e05302fb447d0ff22d98bd	1.4700074951505893
3b5bdd36780cfcc081ad23141c940c0a1ded4d4938e4aa6864c081766ec6974f	-1.0329829050203518
0c3b4f0dedd69e74922eb6dde6680f87743244292cf7184cd0c917c1f13968f3	-3.032520270416256
a48e9886e089ff7c88da66df2fee60c642d6a335673a05c80cebe991acf45835	4.312392603446343
8dd7ae1821a387760eb9c3223c247edc084da06fb477b1d0edff21c1a3835cec	-1.306828907241382
f209cc6f0d1f88660439c70c7549e0bd82ca232775b9349bb07390d64d3786c1	0.4047531103369209
ec8b9dc99d23e23804387ed087d0c42bfb6a0366477d6cddaa9dfc91682819a0	-0.17911945573726357
83c13f584ba7df4446afeeefd8c5fa9d2fa08e459abb472cc8643ae893d9731e	-0.600604716338948
961f81bd5815cb919b6f93ff9659737daa544afd227a47349e1337b3aebb75e9	3.5453562695089973
b72a7c5fe9b99f1f65eacc7c7bc9aad8963052f0c95876c656b562f16f86a15a	-1.7387605699198172
737f6460da33689c3db30d760637b5d4fa2048237e0f11c269a28063f739c55f	-0.6084481783732147
3cc0906f8d74617fd17c605adbb32c77a21b0c39627f53d19f1aa44bde1f03b8	-1.7603432729937407
4b82c4b2ce27d5d01db68b6ea83a6c7f292d1f64b2bc6806bc66513eb5629011	0.055495157284471505
4729936a746236ce085a0a74247ddee1ea9401eddb6f9107f56df78746f8c5ab	-0.259599540670392
c66c2c2b068576732b7d5e276e8eaccc75bfc99335e8517849b6e325db76042c	1.6321724395529875
c1662d2a2c82cf6ab2fc6711be9d85372034edbca31d33d0fb8626f73eab2cbc	3.5127816188807413
b5617e40edc99d79425c8a74781f2f12e446e18ef0e1be695ae08cde205dbfb6	-0.765003012952929
fa3512a59488fc8bf9db823e5f63a9715a39c23fc2e33b6399b71070150a516e	5.812221899326266
eb817b41e709bc68b9729b4b5e28b91e996a907c20bdb922d4b7196b86f3a80b	-0.6646673824230143
021bdc3816f1e9ad54dc787bf1ead984b522071231e4a09cd39120522ed7f99a	-2.1393153741213484
09442576f4d054a4fa421057538f707142ae5ceded02bed396463f9272df1f13	-1.583881738227448
d39c36e1f3a2c564aa711d8b5bb28d6af8677e08a957ff7a6e8045e13ba1584c	-0.6160085035008385
ed82bbfc1893408f410e73e2bc238035ff4c49392bab06a63dbb4bc2648c4ee7	0.489521338101811
75bbcadf907e5d03a4d0279b38b22b0b13a1413dedda21b6e98545f41015d8f1	-0.6841098887821274
c0b5e395b26a4b86b933698b5b76099016cd3972bd8377136838bc428e2e400a	-0.762430971178034
f4417679f8eabd7bae8501b401821b666aa14df01bae773bca8bd43c0799b883	-1.715823925129951
9750fa83f0dffa82f9804557541297d24a01150e4eee61abe276fef402beb871	-1.5870454369775937
175dce8f7203a681ff0cd6aaa7f4035d8184959822a73b1ec7684d114d456172	5.533207055899555
4f6efe6b9e97c50c69154c26e55879f174b9e130d004dff854f490516d189ecf	-0.26074655636114874
4095a369e87d5d1a57b7a5361801c9fa1dc7927506002e50617549c1e9c8e74b	-0.40420562495611195
f05d31cb4cd876008f388800ea964238213cff9849190b8171a7f01a69badbb4	-0.8982200933992801
21192d8c37d53b606957674317f81e2045b17ea01cbf2ea7dca327eed225e1be	0.6942433091941616
a6be1370ea62791d7252cf96986304e927d903cc750e207e1b23507ccff97085	2.2031318582938555
1a9314d400476705b1f43275f6466750340d2d38c93486344a99d3be73782881	1.7427193987819043
b345b5e10bd9129c6bcd7ab91e437be5de53be4c42d43a5b9d1337ad6b7a7e94	-1.340323696599902
586d643c7e3587ddbe8314d776402b22d827dce4daea3c1dc18d4841a22d39b1	0.2921503458500382
df118060196c2f818011cbcab20b4e2e24af5a0d0cd50f579bf662e93c4f345b	-0.3681110444558049
ba9a013f859b91162e5456615b7f96ee52f80b953a0e1e18aec490951da67518	-0.2935331805506482
d03b466512ef59a1ae5352c5b44fb637edfc6dde2e31a49b0f4989c599b50aeb	0.29053445241116527
f86a905eecadd5d38b32cb85befb00812d9eea47ba42eae1082b27f997158827	-0.7419032921032642
d0ac8783e7c9f3745fda3cb2cc40f6a875de1261884b9f1ebc053adb811d9aab	-0.8934206052269553
86b60afbffa059630dae5fe313afacb2710c91aafe2d55dd6c4a6a91fea6c51e	-3.712549405045916
d0e17b99f8db6fad97ad8427d1aa25a86c15d2607d60cef0c02c1a772f1f0ff1	-0.30223619934166596
755f6a103011cbb5b7196b5a2ca0fb27b25c3733f6b97a0094360f17c42f82e1	-0.311621906167054
7d2b1090c2597e6cc1a3ae874f8ad8c21ac38946202d9b82465c3787cebfabdb	-3.0248154896417008
2dd01bbf9e41360904bf0609a5fecd194c79c7486fe2cd0fac7ef7a545adbc93	0.39795873835528073
92db70a61abbf75eebfaf3546c36751ea91618c2809f0517c3fc6555689bdd94	-3.845501992459666
f6d3d302a1587a232b59c69cd8247fa92e96882b29a187eb3805a698ff514b06	-1.8761640549653662
1a92f1739cba85e8aa5aa7fe3bdbb14b58028e31f6c4fd7bab0ab010eabb45b2	-1.8591909090911536
a553984228c5794fa91150c80d8027205262590d23384c1d4497dc69734b31d5	-3.8664961282863892
a0d67150ecac7134fbf4a794eba4fc9b63f31cdd22b284c653a179799580d998	-3.5101963985167135
fc2e53638dc1c91425b8d60a4186ac50303b1aec180c6da98966ad517a6c3968	-0.5550318629304825
39626e73ce9fdb8424528d4936289686a0f87f32351a28191edb6a33156d8a29	-3.871517697468591
bc86bcf1524dd2098366d8ae1281847dcd6cb5f647cea17c2adfd2a94900a099	1.7767399384004494
b996db6844d0e803c6427b471bf77edecf4562634b90740ed2051ca843bfaa8a	-3.023886535628751
c6ea41615ad8e7805451eeddfc5e71e0ca09006bc405c914b53bdb5927b8c895	-1.602510526188019
77b9c4b9c92c91ae8313f83e08762aea93bfee46589543d7f310d43fa778a293	0.6924364963865464
e704339468e84d31867eb3ebadc665f7216cd49cb87be8ddabfb567e4bb13a6a	-0.8027905370837618
e35720ff30ec2e927a1b975907245fdfad9f65339d23b6e378a3841f4f4c0e7a	-5.169874336089472
0f8cb646f60216bbe0010257a1c316de5dc8831f9c2a371e44140ce70d8911b7	-1.7208912890564199
36088b2d90451678ec61b49a54b75050cc129dfc220475887afc3248a6c058bb	-2.0480622158106776
18205c5f2f4290d4e421d8e817c7495a904dd1583a37fdbec3d041fce535e762	0.3544606588228951
45b8a3a260db60cbc566c2c8669df8712c0342c6fc8e9bf65094408b08b37718	-2.718655589145003
25a0d4a3819628e021507171a914c9d128bf444b430f88e4ee86cf4cf449e2a9	-1.2030482038608814
c80a4746cfa9759f3ea54aa7a9900e32fa3685163eb0012da27a727507e8d5ec	0.5378406431796486
db6c96ec599b591fb2d117b0c9f164bb6de7b9067f588d88c475cc30ffcc5237	-0.5109438652422668
e663e369ef1794fe0f2acad3441f3283defb69380ee73634f7e8fc1ebeff9942	-0.3457585455934584
1585cc5797f90c9ed4309f06919d5caddff5d6e78aef8f43030959dcda52f1c8	-1.5843397439844782
15ceba4c6e82ad891c61ecb5900ee3b3813110ae21e5d1c42eacc926caf1b98b	-3.437142246535637
81a0c895444232edb46627fdcf2b980da57a4f2937e01f594e86dfe671675c7e	-1.0156921352547499
1992ac1199570c9dd173552ec24e7bd39dbeb198f3aefcfd50e7c24494afc9b0	-3.833904322305246
ebe0d55c8fcf6daac66e57815fc7f6dfe668bf770c2c47e58a171bba5e5e34b0	-1.9165965875412738
fbc9ee05650516ce26974e617eeecc892b89dfcf33daead4f191c41410b039a5	-1.6656358628206758
f1d04f6fccb3d0dc75a4c295789819dd62e448ac4153fa6460f2927cc1e1aae7	-0.8894725123763356
079f9837dbe4ebe4ded22a11bfcc9bbd99f51099d8058c1f9c20c7776aca472e	0.5613812676556352
622ef473b8b27da12c3f316a18c0f5c1514621295ade0af382dd94951c63297e	-3.897148634915405
fbeef92f06c57c1154119e5824316bbb9f3a02fe4c9db1054876cc1096b2e882	-3.186300381958411
dd1bc2830005fa88a8cca08bbd3a46080a1677a42c494cec7bd52baaa695d286	-4.011632488769678
c9f3c925021823edd35e413ac23b37937152e4c6b5c3896fdf851fb8bda37542	-3.4530913682238675
c9571c98ddfea0c45dbb05164bd6c7ed658182c5a38a967973a9e85fb3a4a1ab	-1.3670372658423653
51fd6a9115eeb72ce2ff9a284c5d604a83ff6cf2eab7d21d7b9d17614361f13c	-2.7765809618976385
0afd578d73d2c02ce8592a8a803eefb3ed58b35476e21c243b3ff4fbecfb33b6	-3.3426851525893615
2a4c370f28e657c01f7bfe7dd45ab8bde509099e3a484bd779233832ad085cec	-1.4875451729185927
7fda02b59adb1003ad36f9d0cd8083e360c73ae7b60ae11549e30a42e32b5ac8	-2.792328170392312
119752ad9e97cf1fd26a86f06b47cc2b0396f36446ab4340da83ed8a00b805ce	-3.6029864005257437
6488cad046da4f0510d75ade48c53e9ec5cc9069e5fb8954a28a0777f35e6469	-0.3450843223026624
98dffbd62c5d0124fff6775c5758a05aca237a253cd4c31327133c073e9128ab	-0.26279865757181464
898d4cdbcaac11fdd1737b92a69b171e6f52c4486e242a244b94cebc2c6a75b1	3.2894575582478027
8b0c70acba81f9ea41d0c207b1281fd56338fc801c9e3f956d2000f22cdf382d	0.5565351861192372
56ef778754e1fc3319a72c3af98a643e9a4ce794df225fcc51f4c6aeb2d42cd9	0.734478694736727
9bd263bc66768dae4ea92e1d31728dd4a4651bfe23c10969291eca31731e1c7d	-0.6535621830758555
54017851523dd7951962e0bb4612097f5eac5dc63f7a9d4ed5983cbf3e46efc0	-1.6481114271879607
30a9392adaac06fc54ab7f47cca25974f4604cb6406ebb9f7b1e6fa75975d409	0.8646403481243051
ce82a4e35c968c80c7a95039fd80339af39a19b54599767c465977820e9ee5ac	4.741191993771417
f3436bb2940dd32bf85c4c2661aaeec1e52a79cc97e2f7bc4e98cd50030096b4	-2.529168765663583
39e708bbd8b20d31f81092ece11b19598a81fd51b55a7f63f2af109174e2a06a	-3.619570519346789
5f8f9a39b49c85083833200ad9800ea3b9c3d8d8e52692ce35ecf132cdd1cb91	-0.9030462935764578
9839d37024db7935eb229fb1a49b1e4a941f56d735150257820c9f75ca9bfd2e	0.07066497964618863
