PUBLIC_ID	Feature_EMC92
d3a84ca9f3cbd10eca7543cab3bc440adc8bd9e96cd9bb464f118e961eab6e19	0.2709872633972444
1369d2c52d404e6b2acb25231150e4189b0b0ec17713da647a8c665643832c30	-2.595147998986343
281fc6fbd869978d62e96202d2758993229114145e16f2d0d56fdd6ab3b91df9	-1.7937832792401447
454f1737faa6b54c363e9d706d29e9456b0afd216adb9e50d9bb414c8bf307e8	-1.2007271036670377
92edc1ad3e041d15c128219b41379d418fc027fc95c32cebb9cb466ee521f998	-1.1045353988469806
05bfb03e3ddf8fe35b855364b834b3a67028196e0562386eda12de77ab417934	-1.9428492407600562
ed22c046acda1d368712d88176258b3575b073288af7bba03dbc382f26faccd1	-1.4007190393626892
e8b8f14697a6c8eb512141b67f35b8734ac2a06a6455f3c819bc11c089757f50	-1.896779193488567
2c66b02c123312b2fd932151755a77931bed81938a46cff52a96f26b590e643b	-2.030504840442937
f2bdcdb55ef3a7a89ed3c2b0a340719c458df9e00b496f5b420d854c177e196a	1.3614413762038384
8865d577d3bdca48f56d812e2defd4edf19f3c65339f40d1ecd81fd6d3e801e4	0.019120159056895347
843dce160d553a05223189450ae09645849284b5b0dd2540c6911ef1558efc92	-1.0310552167060238
59bcf023dad638bbe86364500d1d5eeeca5901391e3b544d027c7f849f1518a1	-0.0151108405665175
9b229d918f5ce5cfa8eb324da942aeb1cc30235ff0075244b5d9667faa0ff040	0.9174529180030663
d9aa9d9a36323b2e17758c9a747ca879e3ef0bc6d4c66b92d9d3327b1a1374c5	-1.3855802664201557
b9ec4b9238984a32e2672a0c6933da720e9ecff73a12a726071017a876b9a515	2.0326990834134526
bb8ab98ddbc588bc58b432874a9659f63bc5f2145d3b1b8da6554531344d25c6	-0.5174699118288473
03f6d24c49e079bc4c51927c02d2ac8aca698663fcffa02e519151ac1f9c2a10	-0.6373775109159894
6ccbe66bace47e721b8556e8698cda4c7ccd38323027504612fcd668b067204d	-0.2935905203889235
5a89a95d91ecfc83bf585d8d8228c8e77b6f96f667db038b734c11812a3ce8a0	0.8776630488792272
e6b3748e661d0b23451fcc9e25e3a8fc1f9e24fc1b978a9bd06abae1701ea6f7	0.8778505267782913
a681c7e3c361fa4826e69340f9860a9918451b9ab4553ae85e34d1b2beafc20d	-0.5038881805705047
2c8ae4fbc3daad0fb02936abdc491b3d80b8fe37e6de8e1d1ad5ea7a5a82e5cf	-0.4133832847789845
735371dc79694929b16f76b28365b26a3dbfbe6fb0bf3a924f0e328dd454e632	0.34294648849755965
494185f71b1e2f0ed60861a9c109e3a830a9e418f102c3b5f6f0e12f7dd1d38c	0.2579239453343446
5c8e344d223f309d98cb4fbce0b92e66ccddd79f0f806384857900c6a548d908	-0.5292276645635392
62217649ab5c9f6c179f2c3a7180db643fdbf08fe0d5d799707be91e7bd3cef4	0.648808743429526
f71fec9da53648370b0f667d35e63957c647d373a482d290c310a7d40d58e938	-0.6083888479146764
104e411d94a9603bef297a883fdf64bf5db806848afbfa5f0af2790b524ee539	-1.20731430665084
919b2face2ffb48bc27c037c0d754bc1eaaaede1f7100a4bacd8561eb8562986	-0.13448244589559158
83893c2d5518c739aa62ed550d6a215dcd57b531dc6c57e0e6a3b50fc806900b	-0.16684816719988138
1e09fa3aa13a4539f6f2f26b3c0b2c5e6625ed17f855552027753500656cd21f	-0.6535638319365751
dfcbcc6df6df63034dd146386681fac32521b7ae267b71c40de0c186c4da971e	0.8945890442042344
6ed21c40a75864607119fe1bc32af1a11b1659af404c2e641770be88a7554ce8	-0.365970505467999
ec928b0d258836d331e78ab295ecde64d11ed7f80e68fd1cda6108a534cb2a3c	1.4463620455228328
3ef414057a837e290649327cb4d8e0fe7fc939f546100301129344b02ce6f432	0.32717704701713973
36743c9dde83b2aedd24e41d064acd7d0a8743dd7130d5dd7a126da625909991	-0.6515857428429709
e6740f2165a881944cc24c4031ac0deabdb489cf0b36e71f5f6417826ac8613e	0.6313747956999308
dd4baf119a09380fe76897e155236bb6813aa1c7b1d17dc09a145965b59ae113	0.9859781486352511
7eb12b9c335ccd15fc1edb110bac22bb6acdb1e5336fdccf9b7f40a73682c188	0.7281916054378174
51f0bde7522fcdaf3bb1c242c5a34b1e624c52d57259575117729c202cc5dfad	-0.0317458789517414
014b8c22fdcce0d7c42c50ff67918dbfdfe725199c433e0af353f82db0092879	-1.0206810142611027
3d5b024ce58f27326af58ffbda60e4041624172d1c2c0ef7d1f896372b7a0818	-0.5932157051235292
12ef0a0117b86a2f502e875295bb886751455a8283e29c4eb883b925324fc459	0.5661166245616154
7fded17e02d65df03d2665957ad1a872c63cabed8858e50ea25696a8471c6bf2	-0.5487338412621057
a8521ec5a4e3e43efe150d1bc7e7670977c5d8730d1a5ea366d0d0bd28620ed9	0.13201680190475545
57380cf677dcc353007f9f84bf8e8d95b9c552bf409293ebbc12f22d598de358	1.595886744229823
48bfd08e5bf6ea02109d7fe886405d3bc65b71b7db4c4bd82fc7d00b2fa8ce97	0.3119584223142592
89756464caa878caf598ce55bced9b99813d827a13c759b5efcbe6ff2289de09	-0.6233428153929281
f7955aeaa287327c84ae398ad057ba00265a157a5270dfd4926ccc25b6479071	0.6723872780410116
a4203f15cf3d790a662f21a31b6a90556102d32f1e0a54b48a461eb4e97adafe	1.0216051566461677
f8bb695319c64ab59242fff812f6d31798670232f07b5de8c8519ba7874ffada	-0.23938501386426875
ac7b13de46b605a55f8f400e9d03ba51449e92798f2d8bd29a79d3c452adeb2e	-0.9958665004333366
bdb727d51db34cf84ca3491cc6741f54d1ea5883682ce7f29711579934fec90b	-0.582289264567491
2793bc621a8ab2703a8238cc5d66d0b3e0cf20c39321dd3b3823b72d1d209ccc	0.5184491527551134
0a3471221501dbe44ffa132b8838f449714a23c3aa31bea3bd75eaae70dd4336	1.2663135310306153
612b8d4ed0e59401e2a3115fbd3a4676c7b26871119b44b36cea6007e669c2fe	-0.12028719373543889
8553c3674f5faeec787f4d01601a544d843da6ab57ca31c5a276b9984e80df87	0.3444443477702934
c4cc59012cefd9b28085ea042dd3e2020283069af6b94f5d55ac4e1de27e1290	1.998694425741672
943d3891ab2470dc731cdec65e2b252a0a1fc78175e1665feb224be3f6b2f45d	0.7978304289942099
32459991a07b9acc74fb82587f3ef19f43e9068d5a63bf1955186578b3c0b353	-0.3868276139762542
a05cb4530932b5b0b061e5654a111a8717468cfd5836afc929bf4361a88469d5	-0.6891579314596985
45c95a73464b3cae56befe8f2896eac39271b14d934c4b36b253a9b4c278f802	0.9534166488362065
bdf70dfe694ce5ce2ea28d76b097bf9072ddcd1759c7588273f885ce27d2c8a9	0.7814449387077896
562faef73f68713abc5ab3b8b539817be659e926b048ebc8c66d135521e880a1	0.028820835344032736
f088c3e9226699062893ed1b3e316737c774eefae32bbfb74b7749d281f91eee	1.1764054030976678
27015a2196a0e4c8ecd1ff3173a1f2abf900ba8ba2abe66b981c1d73e59aa622	0.5561474540761062
ab668c0dc131530c6fde2a19575d5ed8dab2aedb5421ec844da119cf924d7efb	0.8417605862964894
6e1aac75901e50031ebdaa5430a7e040d2b10e39e3a97c930fda40fb5bccc62c	0.9335595348344508
665ee7caa03ace1942e54e3180b4b534f7052361c425b48f7f4f694f13d56b56	-0.8302940474258789
c11fe3659b02dff87c425a0f4b294c7f9a999692fddfd3978fd034ba63487f71	-1.242596997273721
44f7218e327e39241d7cdd9a0d4f6961d418b99f6b33e22184f35f2c8ba68f84	0.6609865505865782
3f546081f8a239bf181ff2de5195fc3a80e7a6f8654c167a8ec0e7a7b5de885b	0.3416689937385119
66c17a9f0fbb6f758a3f293858606763a850dfdc2910fbc9fa76d95b94d7e595	2.1146749923810804
63560d2c55c173b8f4fb6b48fa8813018ad8fab9077730dff74731908fa586cf	1.2555139580884578
0eb2d8a37e4b06831a6acbd91b86252e7b18e35a050b7a8a15c03d10abca596f	-0.304471663836153
9fa99bbfbe30bbf5ceeb0f6d3dba08765f9fec1f462aecc863cdc7d5bddc2d43	0.8562231519596952
ff085aeca3d7a3b2a1eaf4e3c2133a9d23d15d795be30fe72aa573c408548083	0.6232415007628378
da0523bffa9493c3c77690118709c1093f4cc0c26b42ec9eff3c40f6baabad5e	1.241751627028734
80d6fbda733c13160422a7d058db85120f9796d7bd9ac04acb1c51b379e4be44	-0.6860978811508003
aee69c9b52a8e6164889774457719a3bb0994ac69c297b87ca42b379db7742c0	0.8865405400676105
76e26203b4b6c70364fc92122ae6777264256c8d3b25de1dd798ab5b2e3762db	-0.8912247252775756
d8249842a43c207f5f9350e64e493c2cac507bc4a18b535dfcea03b469e503a1	-0.47213401964905327
47a51fe8ef687f80d82cfc94a39d7aabf7ba09a7c1761532459d02a617708252	-0.5673794015988383
53fbdf41fbadbb90d6748d302170c35908c689393216c17edc40599cf3b0c834	0.7349234537392556
7af8145491824d02b92c442863ec4296747d0faee133c8cc6f65adc104038d22	0.2862222219897802
cabf3b485bb97716dded844c56e64997ae48870c220c7eb1a03ad2862e523d4a	-1.7995543896961328
e1c1caac7fa896c5dcde1bbaeadd2ab5c4fe824c8ffe36428eb660ff0c78c69e	-0.8367341979310378
d38c355f91cc540e949711462ec93460bda55b764b1d8385dac1875dfc5c2905	1.4273273575299132
f3f5c186c968e4cbd87fdff9eaed41894c72a61f7aa21c8ca3d0be8749e00917	0.8748879602540633
903cfa313ec46cee88f5f9db8e5376958f6e173547c05836cb14c7f4c3dee06f	0.4642994696489572
4b3f56d070a66f695d905951d8e7206f463fe6ee7a9d6a3750ddd41741173d97	-0.8648163936738418
975167ff333168128a989bb084f80b2494f62b313ae0d144ef84811e8c03e77d	0.5620046813038284
57dede2c71e894df164eb0ac1f5272f486979f026f6e9a82b62cec23a4e7eb48	1.9312040368322216
d2f71f5e8a2bbddab4913a3bfc61b9dc39015d099ff75419b014e52d2c590bbe	-0.6236939716899983
55f65891995e5ea39036eb36d2f589d33060004da97b610aa26871a07b13549b	-0.6809726863194261
4870c80996a827bd23d2bc88b88d0d83eb160b6bd28e55ca193c769ab9531475	0.4712695495917737
f4f2c3c446c1358b42733b6c85a24c34c0a0e28e3b7aca2dfc6c8d057b01cc5f	0.24984012704454212
77093cf48a0004dc92309467d56662b1279f6b456d2fa1da80ed055f697f5b90	-1.216298367378507
f3609a206796c387cabd1968dd110d05b6bea9797e8273bcedc98d056a375112	-0.3375524630925967
4bfa8fb7da59b1153d055d1b1da137d7fe739b20917b392f5401183e10e794fc	0.02424179782416011
353a0857635dac51bc84e40dde9ee84b1827dd733e8ecce7748640b26d4da406	-1.1533230070740401
03c58eef8e061b1be5ea728c9a4f2aff13468e578cf153eacc9354500bdd70f7	0.7566580615977279
b763aaf177bfde973f78a827278ab39163643b54ef8ce7f49c51f60eb187ebb5	-0.09400841803590634
da48e224cae2c293a95ee885c52f5b15c70df834f53113f4c126c1d5b85c91db	-0.3853495878264558
a5e6a5031559fd82b8d4e31a7036bde1dc4e8988962d54dfb2a4d7af8d414538	-0.42128119443869727
09f7f7a42c2a0d6f5a82017916eb6c5e5b0c6a8603ec11b75efc1c5fc378724d	0.9096387033663749
d5cd18f97219319cd810697cc92b8985f7e059c77d1bcd45459787e61c464250	-1.5635187209532426
35d833c4b7ee5a63165c6bc4474b569408f6d5ca1526cca0218e9db627f335bc	2.0883333403954745
fa99c4ca738d38e33b6f7d91abacf171541728ac0f61118c84f25e571d50e8f0	-1.5605458552829583
e31781200b2ecfed0d16430847306894c4091b4176186b70e3aa805d644d52d4	2.388609852789285
cd7a3411670f4c694b68083e09b10c9b01e0bbfb9a4e316e3fc649391aecc2af	0.39048014519069546
ea397e7d25a8719cf3ed6ccb5d36bdab4bbdc579ac9f2e0f5d8fdb8302bbf938	-0.3555967911235472
7fc7bfd0dbca5b77256cc450e4bcb30539cb7a422f416799792a9e90a4dbaaa7	-0.3400081097873318
743abf33fc0fd023615b8e438968762156e9ea96eecebb8e847cd39bf1dfd60e	0.3075287407023477
44e246ab6ac14dfe3538e5629db7b6984ed6204f34c8c460be5f0e43f46a8e0e	-0.0678741398076512
c376b21b46c0baa20091f44163e6bd0ae6a3ec865d93bf59be95292f08aad3b4	-0.10665293517055205
3e1021b17c8ac5302e9d4a74fff7fc1643f32093886584b221688a207d55124b	-1.0193803972557756
e8237b7395f2c7b20ceb3a177bb3f0e0c7771a36c0d82767965874c8e9fcb001	-0.8530510049308506
9515fccdc6b04690a899295e8be5d07a1181afcdc411cecc612977a95e1db004	0.25774815496842596
4e8c2991dd5ce2cd3a7ffa828faf69e9ca21d6881049164cca98c6dbf3e9fb44	1.344016870988467
2860101f8e6a0e66ad82a60f0ba973dbb6176821be542cf128bc75ac7677e6b0	0.7660629003313033
3238ad2c516592cb168d952143df86a48b1f4025d2852d23431237440e4b063d	0.7392201223106734
d34dadae32fd858b26ee028148fea364ff52f99e798b0d59592afd29c0883905	-1.0762292657145491
70ae4f39c672ef9713172d3d87d39e7aeef457f6b1c8c13dc20e6f8049c40ff1	-0.6714774545700349
baa58f5eba60dd8ff584c81ccc9d1b85958c9fc524bc3b9111cba6434d3bee3e	0.2200826984619193
69da55ac8070957b0018ae3ea0e9e3a4b7e46b3294b39d69432ac99c218cc5be	1.0299652558415873
f5f335b83178c82bad1c406860a8dcbe3d616523ee31aa12c00962301dac8e49	0.6958999647366959
192d69ea2d0792f950b98869b6e4b905a85021bc192f4b57d1b6cb5f645a4abb	-1.7581198803978193
24c47dad4dfd6dc54eb3053847dc7e4f24c64276aa799806a904ce615ba7f59a	0.43917584805845866
4e47688cd25a2383e1e2954f3b45015ab2020813bc89dac86a3b57ca235aba81	-0.572977601205323
e51e441608ac52e1c61f7c6ec7ceb9baa1a4ccfacf8cb9613cc366710776160f	1.4918378803010233
ec62c73ca5059b4827bee2c2287b455d1207d33712284a8fa53e9d309746c71d	-0.15676165107575568
a8795894ef49e5f41fe07fb9d6073938aa4f543b56ce84adbe6540a0cdd816c9	0.5475066213736117
a7c18ad1d75392710545d33a481bf927265adbe8fa2010123610d839c5aac675	-0.972542298060992
3090d810cac642c7a05e68f964bef81ff9710386ddb2dbecd45899351170473a	-1.056561227040587
7f829dfc3085de2d67181e7b44474e4bd02ee8c002bb8bc6cb8dee6d30393da6	2.5152281802705083
10092d7a47d087374abec42e5bb3d9d2786b51adf29316496a7d9e737e116e9d	1.1384304433037555
2a354a96eee179da633e149ac1af211beac2a7df2ec36951faf42c674bc8b18d	-0.16422306554007815
f269c9277851b0ab0b99d0c1bf63c0e34a46b52fe23fe48880a49fdec094622c	-1.2015715218370853
fdf193a51799a7dea966208c5e8fccb02ad07e49ff3da0334b53a87c652c3925	-0.46267184420375446
60e9328786952f04a5466e9eda141a3bcd618cd7d74675d617f3b044cd71111e	0.06722157801836447
5b1a80c334c0382be8c576b8a93e3b935e7655ba2862afbccf079ef824fecf94	-0.8037943826963682
1c5387ddf1071988e86cdb2cf4b7a0dec303db75fa448847855bf59d89299357	-0.05661445675292076
f8cdc8cc9edcc71c9e782d405627801dc20251027d3870a4f3e8b0bf43faa1bf	0.4324086401097158
89134830435192fa9ca0aab88a91eb9ae916da57c06e15f88a4c946e75e9770f	0.8222864208402477
4db2ef48ba7dabe78973a33866b50b84f012c8ea129d5654a90c728035f385cd	-0.9450928811287049
368728a0394ec9f0fb1f266569956cbb2b689457aed16289cbae75ec9d17d6ca	-0.007442157362239826
6f66376c89c180056c64524f1a0a549e661ea23c9c3e7819424dbedeaba20aea	-0.10349392541131812
91cf65f12e4bc85798eff1a1999b817a21a3b9a73a8ea490dec8515843f6af6b	0.35991183639454444
9d3182af43a121db93603944477d21f6346bda18de880a876fd7687679148596	-0.5890610721348087
1354461daed02959bdd70393998bdeeba8fb7aaab2359b6277371e400b28ed2b	0.01882580078748064
214e482d541d9dd99b4393a753eae5fe7c6fd1090d8a5f380fac800d37f82ccb	0.11400202333379506
06558dad03e8165c5e84782d64506e9f958fd69fb9af9e840e894ed7fbf521aa	0.4529251037633593
e51ff483234b230bf1194bb2f139112898c74698855b0b2517b57dd1564f9068	-0.2053532426654679
5bc6dcaa8cffa56c868c7da2b7d848e0db5c555213d218aab36fc5cb47a56236	1.012712831888358
5bdace928264a8e9f1823c0f00dab6a2c53068636796d7f41bbcebf758857b61	-1.4097275967451335
f2705097c6903de6c63c8e8c7be8e671dde9b3d5e94c257dfe06ea1bf1251dcb	0.35087099173359754
96e5e782072e080ba366d8ebfbb79393719831303bb6af706666abc82e656880	-0.5252015816012717
63523598aac6e0b4b14969105e409fe3fcb9b4aa415f08923288d78cdf884c9f	-0.15031665135951316
f4f2a49642ff205b04e7d8b67c80c71c42bfd4b5f40a6c73e1e4f58dcd2a2919	-0.5194060957647018
1b80a133e2aac17b0e6705f1121f753aad34b040695e31d5af54352db0aa15e3	-0.6776299837160458
d726e3ceec382ad531fd3e9d8eb820eb0f90dd4aa7e8c0d4204568494137cb31	-0.11043203364133053
1b2b9d1af36d080ea7cdfbc4075f27550f794ad2c81045ee38f72ca28a8f105b	0.7402197011432419
9edaecd5285edcab3be4f2b2150ac27e99a20e4379613a85eeea8f82d71d1f4c	0.31952544577641423
22b0e439dd4d2ebb59816e13cd80561044fcc271acd6daef2b169f8de9096f96	1.5025698953108364
d3607fcc6b1254bb3e37ea09f3de1524ea8e3126b6697ee7c92c28491fc2b4ac	0.18886838482660304
a5450e8e45e4df72951492f62517c714975458377bd85d1869eb7b9f48f9f513	0.22450653773982032
c708abb83742becce487692558d82f794664a57003c32562f0af16039edf7e10	0.23649260739667077
76374d4263a7fb86ec1f66cd98df39ba16d0f5a30497f91d5d3df7d4e51b6b86	1.6220845985527443
3443f1a5b96f4c649c8759b63276fdedaa0252b7588975adcd0b643df45844c2	1.9610001048632775
dcf9747e0a56ba2a4b5637409ba93c7c26b8713a7e7cf484ccfdabc5760a425a	-0.16958979749019382
b43a17723b3fb42891a9f8eed3d176eda19cae585d1f1b394a51e33e91d74134	0.7147500263001372
e1ed535d1183be9a6b2760b69923ada1afd1eed3a32ce8c4760502f6443367c7	-1.1304737492185906
51f78df983bef10e61c7e5b82f09edb942a20d86d56cf5773ec588af6ad36a01	-1.1090732630329398
82bdb655e2539fac3504d5641e5d4fa4540761f986df7750cf90786946f80dcc	0.4743612793217842
0d29d736617f286cdedef63caa2feac1f41fe5c1e83981b1287d5f70e771ada9	-0.4988764196170431
14fd86937b4cae2b31163c5dda3538f404aed6ed8e406a5e4bde802df8de4f05	0.08514827559461961
c20452f70b9827d7741f30842b2f6e4d9f655501dd13f6367a03089d2460fe40	0.7385497959130477
c39c4372953d941eb44eda28dfe8806126f211c0e93dc06293e03efbc0d646d6	-0.21237565248373902
67ec3c3740bae7ef4f2429bcaa924faf6f3dfbd409f5ef20608a343e8fafc9d6	0.16677643092780153
c0b160a035287171f4f3e02bfc2a426e6caf2b08727c724afe2d2f88763d3441	-0.2008969554454828
7c5a9d6ff05f25170356f6d34bee3385b6cb64d9d31ff4fbc15982d3c00c0fd0	-0.043213660065811704
51b0647ee4b595058e7a71e28efb628f1649d20cbf11f61fe4b9a66c06cfe68f	-1.2909063968250276
091c710c106e5d89972d15ecc32b22ecae30b9df5805e5ee298bf5e00003afc4	-1.4870194563994759
93127a6502037a423373da9abd2ce215f5222bd786bc89b2f872053b0926c927	0.3386689933568964
7459dc58410b5c1e6d51d147eb6725d818f82d49cb122cc0419be5140ff1bfe5	0.22697424275176084
fbff960577ff6b37f424b536c5c9de458c06dc6dca0393c7a22ecd33b72e55e7	0.5331079290525791
dc8abb57b0556bbd3a874ba6da7253513d743af08f88b24d54582d6972c83b1a	0.903509090562618
811a363780ad11202539691ea8035af710d822b5302633157dd1adb879135195	-1.365477637232427
be3e09777125f7c690b3230190c43bf4915089e76a3fc1959fae0ed196fcd73e	0.12005907460585369
fcc9d6897007cd4afcb7146d14c9e1c31a8cdf9dab68626407d8c89cc3b52772	0.34980655184259857
4d83339079c8fa29d09bf5892d18ba9ace9563bd4c04c67fc3019c995758bdd1	-1.0960464240762557
8196f556033081be07bd6a58fed825d89c4eb39f5583a0481e930ebe292b96df	0.3264888809777965
1750c2b5ac39dbdf6bdb7a599aec11639692a818bbc1fed109286681a5d15394	0.35508397332693553
3da0fd7d151d32c2a64db6ced7f14bf526b0e2a923432ffcd27c5b7ed2c2abb4	-0.3711716026137117
f5963cc6690eab92803844abca6a6c946ea1a6588e18808f28a641532347af25	0.7995021320014313
f00bbd1596356ed4168c8e4f712c800fe722192a3ff30faaa8bd9a9d06ecf887	-1.7100360010526467
fbeb2f349dd896ea8567e73f183027ee323e79460f59256b3453fa1b919cabd6	-0.2543034354192353
5e4eec0dd8c2833b19baf8fe33f989a43810ce90b84b8fe9822b52f86be539fb	-0.763684125102114
1113f26e5ec5da9355f87c30d3e42fc0261585f549e79e49ffe93931caf19345	0.07010819631075367
23d4b03d77ff7e7588830dc7047ab52e4dfcc3ad5e5ea88e1163d27ce48fdfe6	1.0724895870723363
346f4ccb6dac529b0ffa365337881e124b2cc1cb40f8a90d9ced7d9581326686	0.4102726856092395
5981f24ed011842e2ddda55f249687f17ee2e9d4f4485e388dcebf7f67351f5c	-0.7524490499355002
4ec7960ec12a374a0a8c59640ee17c8aaec916a132c38a260884b2f882e3e20f	0.9306932878982623
eb42772c474813e0e16d6346cb8dc3959183337ce401d40267417138f96c12ee	0.9321742833300953
441c9dafae42655866b1a3e224bb9e6535b8aab3985fd6f97eddf94760d86db4	-0.9418310474536671
a8df799da5128083c1cb68dba652c65bb69a0e0b16cb0177adfca070d3c1fa03	-0.46740737518151015
70a8da850784d08ecce184d182593bb72d437afb0369d7b50e1b8a44579405ed	-1.2106994148166037
1b8bf44728acb6a77844816f2e6f19565f609ced93a3da6686d0dad186a115d3	0.47538724268550253
027df23e848b495ecfeb1db0905fbf1ec49e9e8f8412ac01bb33000dbdde87b8	1.0762405677293108
40b1ff595e4d393c6426912dec4d7691c38e012ba4112d63ecee8af8391ba41c	-0.5767542083827077
6bb4293b7abe8c2fa7bc83b58c96611d3d852965f7be1f3c4016ac2c535fdf84	0.6770402380430491
80d77f6aefdc010db905228b277c7b9836894aff40f3b5308cb6778f89bc725f	-0.679911250175562
3d96ed44a83ff9c91be3c2af372c20762027f0dfb4cd920aa91e52e768707605	-0.6922298429440163
eab9eae9acc17e8b23509c7ef419a1bd3e0b4eebb19f8db4e27f28318ba4a611	1.4623263262212585
b42779cb41d16296a5272ed96f4c4db73d898dfd2f928a5e4fa26cbd387b710a	-0.5313068506931182
2cfb3bfa7d967234a37a42662d5fe53265df50a3c634c91ba281b50d99fe907e	0.33192475346906153
14dddd9ec64dda4adf7a4296935a05f728d20d25b55c4ad157904fc44121c1b8	1.0830951386291465
3af2d09fa313d621e0bda15195e9ad33097382c259e1db09d91f3f068f4c5e72	-0.5188591180076828
bc6e70b142ec7553a4592df1746598fcc1b3d472a53e94a2fec6016057b41e49	1.2082530338707518
bc0a6dd1b07db079b3817db66a1f198b7a3e812456aab6b3a4c2695222abc351	0.4374428606085059
f9ce04a4fd6d30d08880d0ae264b488f0ca776e152fb99658375cd0b971e9878	0.8871876301859772
7f0c0a175a0c23cec808fa31d7ee4907f952c83ff557aebb3990d6b77344dd60	0.6655942372499968
ffcfab4fb32d24b5d83d8e245b8fd75b2405a1acc6b2c7722633bd5f546d95c8	-0.054895990643973595
65a6fe349375f2712e6769322feaf94e64b7be762ccecad4056e6a4fbc8168fd	1.0542297407937378
1fa2b190b9f292f59688cc1c91cf13931ded3adf23afb1f8098fbddf59810257	0.03383148621962917
b2202e5cfa5cff9569f926fd9ff780802e39a34e59f039e29c48fe40aed7e9a5	-0.3657833136898243
077eee2bebc0dd8a4f0c346a07856be73812e2fa0f667101b59c68f03cc54d0c	0.022113855467380983
c1a20a36de0d931d87c22b26d381eb9aa47084e0ea1bc562664c64c320b8ca0b	0.2986130046462551
374d9d686c848cf256c85d1f2047068c9f65024d2919398da2a60da44286e656	-0.7776959292283465
2d09c7294ae296ad245c6b2b0ea2762eb618318cdbe3a20af75b8b507d285d2a	0.7392965089022849
d1068d3822bd5a4beee0051fc73608a4be9bddb678caaeeeba773f34eac28039	-0.6323715691357489
9bebfbba3a443b1991957bffc81a046009c3b3f57534032459dae76bad9a9438	-0.24728169064279742
07140092a7472d631e42894a00a1e85fc37676742cb09199003e7dcea02e1bcc	-0.6422666298346476
a4da342ab4d29b822a953ae36e61a14ed5312822c69d4fb889f0a0f056a436fb	-0.3784142258319769
6e762912cf549f75e2bf66a442ae8ebbf5ca8cac69bb1252f4ac6fe493f566d6	1.5479435388526663
000066022ec6b17dc8d5f41ee66a5d6642982420b6bfeeda98d6c05bf31d067e	0.3267180879540248
16fdfedb2156c0f668e12b6a7cc35385264643603c568b4fac63b3e286fa70de	0.8924685659025142
0672d76afcf560b3e402ce03ed6d11da8e239e5fc4573956abf03ff7e7bc16ff	-0.8935620100834638
13c67c96aeacfddfeead70f7a2e9b21e0b8b64abc6e6d5ea87ead0629c64be3a	1.5048323595851578
d8b00559982536c2681a1fc7201c74824dd32e6605933e6c8ff752b1f9ba3ae5	0.20604590843488824
912c63faf0f55443d01726cc6c9f1a9a38435fac8ec9241d734d710de5e042be	-0.5314233844257429
17066d69036587b0aa26bab2a38c23f2950085ae0101ac021e9c61b5efde0471	-2.306667992800815
d2887ecd75182e7e94ecdb4b611065a2986a18f1b17266071d37f322e55a781b	-0.26524093815144245
8fd2e37074ee725437d9f2b53f8c9c44c9f176d323d5d70b75031770368d842e	-0.3051634324931298
61fc583cbde7ed16a7483ff917d89b9684c23d144ab4bf2aae428d6806aab3f9	0.8751908416339158
9c160db9f98941d91a4fc1eee09316b799d2b4db3dea5d62d4e17eb5994f67dd	-0.2404438123514495
32d88c194cf5a879520b9ec153a9a679ede561f9d8f9568e8f55e7df04df8b7e	-0.17094464334092174
1761df2affb8a41d2aa5b89df15e1a833c2119f349a2d02ce7b6d831c2e63ba0	0.8871756926285829
56c6dc2546566a00c483de781b9a01bf61c86eea78a4d147db3feb373ee431a5	-0.9083035394200621
089161a18129b73b95222ebc5165e36b1c43048f3733604062f2ec3c34447347	-1.3454977032603328
33f273ac9558cde39c0d201ec5c6bb36bd822f47e29c907639e09088d48b59b1	0.009573637230031545
ddcea0dcf12440c272cdc8ff15f2dc911a84238c5e5e948a54871bcd9a04eb8e	-1.1810271115779414
759a7ef28f9ecc5866c94932750e97c1e2bd1b5aaf7171e90e43ac5ba6754938	0.014923758789409672
f24c3c5efa5e6f5215441fa64aa84a65a6fa69d8aa41af9789c321e0aaa05b8c	0.4989264499485157
cad4653a2f932797905b467a96baa0e2d478155d6d02f3513db4c7daf638b875	-1.376086180364768
fca2364a091992cd0c40f33dcd3afbddaa9ce897d27eb1a2fbff301d1aebc95e	1.1072939472802665
6d69e589f3acdfc574f8dced53308bbd3a00d0c4e85efe137f26a9690173d295	-1.958443939675624
0aa565c6209a3ff2304f7c2406268107ac5663e4cbcc9bb17eae1280c8723ed6	-0.8136359306731031
1c67d474a0817576a9fab42f14ce194637815bf2355e53cd7dc458078c3862bc	0.02047627324942375
81a5e987e9693b085418bdd5b6fe1d87c023adda775b9c867397ab1f1201b904	-0.06813242936923342
198408e305f87c5db64af260cb9e4ab2ec5552114c2f387056e7199d43d6e513	1.4273558680860288
0b44cffb7e91eef76d2b3f03bc6cf7c6ceab55bb255b040918f36be57f59af30	0.3395789549691196
c1d63a036ac0e3afe0aa679df7ce8a21654881684804dbbbff48ef23f576879a	0.17528695650916937
47dccade91769088e051c072a0287630d147991f14bcbdbd180c041e7c23781d	-0.03591325444703919
ff5bbbfa01659b87d34fb3b57555b93867f59fafd50afdd58fc51152a84c5bbb	-0.4718869374841438
671171df940f989913313d0dd61f7b7de576a789b267f9001f823a4efa263ff5	-0.7158740420215959
cf9a7be9204df851ad4bd2466ad35a6df9b1fc0e7e08345a716ad914bc5ef369	-0.9916846259251719
da0beafe4ad15ece990a4cc7de71a90e2bbf9b9a5ac0d832891d4bbb2dabe85e	-0.3992044381363059
3a36c580d8867be0818b625654b5ad29089cd3e2ffb0257842893c2305e7721a	0.7165334320771573
409ab4846aafc87e2ef95f67054f1954f011ee09c2c908f74ecb4abfd2da73a8	-2.0764820598094222
5e6bc32ff4e9cfc65681b66fb0d99ee114a14fcc85333a243d69c0f3ebedb888	-0.9161995454990064
dd6401c4cbf68abdf9f5e6d4c7cca4c2eb1dd5dd27143cd8e58405df1dc414a9	1.5313435609514183
cef67224fec5a8e6e91b166398dce5f80e2463e24a080dc1ceeba7c41fccf709	-0.2613025820577975
618c8400be123ed3415ff4b356c3d47b684e21621b69a2280355963703abdac2	0.7984146977019349
c618073f7c0fb4162f3d143cb64addac0cedd32baecaff619b4427f695c5f1e7	-0.48777130614308545
36533f474946c1bb6b53c56ef5e691412d31eba889dfa1f32d75a3beae38e422	-0.7287682722675389
85548ac0c42e86c5101ba4ba66063e566336f0906b94a5b635b448bcc28e326f	0.47627327512220624
dbd6ff89d8ee1935921185fcdc85ce1a49c7e579ebd26a9a44799a67d9140a6b	-0.6428155040878707
d3a6dc523f60f5f0bc10f7af70e818fae550a0e68d3002c97b54bf9641095e80	1.931234676868898
7f7655bc0beca45d23889be9d389363cf0561e9c3037d98457cfe75093063935	0.2505034591282073
c5c7b77e0a3325a47db0f7ace004faf26df4ed26e63a8208208d2ccc7a669df7	-1.362114791093585
ee18f48d8380db632ab6bbada4425fd80d625ebab14cae231b771606979c82dc	-1.1077662805907926
4963874e57267c771b0daa5188aa24e13f6217a5970a8fbcb885f3f0d3c3c4a0	2.7545129917245488
f79c3ab7e1693b0fa5038da0711f3da29667b97410614d94fe16e03d3898ecd4	1.0890464291659276
5287227d3dcf4e11902c76de69f4f96c2d72522aaa9f1a017234302aed0d12a6	-0.7792029136697367
bdec182e27c3929c642e6e65bfeb6d8ed13407a730b102f9df6326df7f4ae95d	0.32494727018473546
45e3958a5b2d79a11f6d23de659f3d73c453f2178b589750c4c5df65aef38b10	0.3928217815525306
7953c352f2ff6d311e201afc83136b2cbf6e9538886aab02ff750ff0a0472b53	-0.6081943568334399
5d6a852a739b116710539a4526fe373fbdee33deee13d482bdf256d2c718e705	-0.24690633077880986
849063eefef16745da6418424c317d017d2308afbee6a9c4a3cd8b7d0a81d2a1	0.2773269941511366
7320a57a9dc3df762800ba7c5a6d10b09acd2e6e638633f9e1a52b81eaa3080f	-0.008040530973310367
edb06aae3fe41adc5eb50404a8d4c287f677d1fae0f913799d09a1aca1afc039	-0.43366340912904233
91e9224bd7ab414616b6e35f51e7415694ca92cadc8cf48a62a21de970674427	-1.2202618449209086
d8b02795a6379bd844d8d28417b542ff1f8a2d76d11275999f4ddccab88d5a45	0.8639452412648827
45e47fbe4d0f44a83c82336cde87df3b743fe94686813a9930a6d91de5e3d86d	1.1423307360368606
c90f9420f6ee2fcd348dbe8d0497b654913d35c093fa6852f6af5c06dc8c3d52	0.47653142512874413
0b521b90deca6abacfa8a4a1360cdef6f71f8f9a43b59307ee1ef08f39c393cf	-0.5337477193793987
1ba9928d25c0d1e186645078e2ac7e84de6a5a6f5c3050ace306462f9fe3e230	-0.3901678905008755
e9ce7e03fd28ff3e303f7c9658163364bcc7ca1ebc3c1c5756c50bbd090bc261	-1.3197721815490955
9f009758ad1b0b48142675c32a0ddf9f4fee671b0c5e5fe59d8f00999b29df25	-1.5016538164609496
9dad337a18e8c19b62de9865e03bd1d1c4ff0d936f05a0e7e303ef809082ca7a	0.039559955385909895
4720278a9bacf08806132f3acddd6b8b1a364f0eb2d434ad641e57bd70ac1a64	-0.7061553521458361
3d355676af17fef19685f572119793dc88f2e0163db5a7284acafab0d4d5822d	2.2539412504576637
b44aabc56edea6fdeef2f00d949af4ba251c4b69384d59327c9a015596dce5af	0.004461802073337073
623bd124a44986e83596743f91f0b37d77c63975bbf07650f6140086a9157281	0.16486203351305562
8bed7b698b5852fdd8ef15e8bcbf1ed53a0829c85103a145348e807e53f3788a	1.4831925910053512
7f0fbe94b99de6e27e2a380d622faec3322f0d3d09cac9f19b17be15a9925eaf	0.4525459598721005
ece685b6b5aa6fe17fb9f94164111276301d48a7608c7133bbebb43531d7fe70	-1.0636393358579719
4558a52a1fb5577898881ffaab51e3407f894df07742c225d9f85baef25d3d21	0.6936367042499957
b9f90691137389feb93cd0425d943001e5d97d1bd7f94444dd38a20b923abbbb	0.8350989052788732
c5cc85409d4ad9f4ab53deb17d262b2abb7086435c5d014721a96bbd038a8b7e	0.25799679903868405
b2e1b7b2e2baab65a79c26caf2505ab0015f17fa3007b8406422aa137540ab27	0.27244791258337714
d1d8add3bc4dbd076e412930c6ccdd625cfbb87fd6a970660783c39744ae62f7	0.07483761244354428
d1ce59372134640f55f5ee00cfd95988365e6611b5d53647fbe1d2eacb352fce	0.5168446893142034
ee56f223ee76703d626d4fe636844cfa2fe63457f53d02ebb11d86df97aeb7ef	0.26127301451281854
7441e88303da9f1260923c2d341a537bade591e6847d8a630243cb6a3bef65f5	-0.7893527432537613
319dcc08edb68ed543c86ccc183179e23529b292cd621ae4eaf51c6e2a92db3f	-0.37438694924667304
dc250d78deca504d0b4507a4e527fa610e00b55b3f78dad78edc9409aacebc7e	0.22085956817926383
ae3c0c30054b419bfc513474c6ba537bd40bbeaeef2507b6499f302ca5ec335a	0.4284661991221833
13fbeec05e5dc9221fac605118fdd5e9ea745d9e6ebd1886036459ab21829e6b	1.696122156148582
89814ddc6b7afa7cc4f953980c84b28d289ac2169ece39a58d948dfd5e1dda9e	-0.5639867331683364
184a6d7a2610314710396f85fbbb125a76fa28a8215730ed35104f66ebb857c1	1.4320010238961975
a70ce4dbb26909fca7d16351e9906d84dcd259211f12278482bc68447deafa3a	0.3057520746128381
a82e5125be79bf8e5af5a822fc82b5443c7a1e9be6e791eec54de26d339666c9	1.0421337125026067
bda5702cbc265ce312596b1596a6c898d3537a1f740df338a57f382c55f723d9	-0.028040580131687892
9957372ad712e48ce4afed465a537e5e02cddd0f49a3971e784e85030c82738a	-0.8319400409064208
b40a74bdd6ab54b897f39854abb137655de585f43f68f8b03f1a4514000243f3	-0.5032500556501142
b4965bac8b3f60921797c2076a9def743f58c45fc82f3430a8c4b99b002c5fcf	-1.0571437671461088
419d54f84ed806253fd0fd5d036183dee1c29b493ef702d60fa938213fed6a99	-0.5365165239411986
bae6f8946dbde147d0c89d8acfd65255ae0a6b94372cf828fdf9776d2f8aed71	-0.07631770237121528
03ea428f83a90aa8e22078cbd11e9ebc4216c1b1451c17fb0d7e247d232ada11	-0.5016166201920839
99d0a3f70c0b0f759f540a3d2d35e7b94fec5848a555f275ce7d5a06aa8070cd	-1.1222386997520541
64ddcd2f0061dad26c2604e2a3abe299453a650f99ade21e90798f6813df17eb	-0.47445306503581225
04434088739fba41793b67fb9ecac241b5759a9841923fa44d06de561f11d8ae	1.322831375855195
783a3fb73fbc77c80fc203a9d1963137e1d1d5acd692d120a7e7766f8e603875	0.04249262059777216
b21333c124ed8f0e6e719c09c812d6f5adb3e0a5538e88db079b4e2866008ec6	-0.7848809563948779
7b3bfe65d16f16175bd06cae4c4d0db872d8673cb7089d851216e1b397f64de7	-1.5210084874393992
752a482a3d0db4045c0cb33250ce6cfc7df374683060571adaefa8b7a07bf99f	1.579050236906225
2adb77b3daff82240acddeb98c5f2dc834937e2ab11690031aaa0dad9693872c	0.08929293491632156
af0b6fc84302e8032521952d2927aedd64f275074f494ae003916e34ae770fb6	2.0202957739453846
920c994cbcdf7c0087bc5222727f26be38282eeb7308810994d3ac32ec192a83	-0.30343862191570403
c59869473e50f5facb25846b70228aec6b8a6281d6ff0a248d3443de84dbe491	0.032781259636400994
42198e0fc101bc9934b45ad294f00bdf3afb59792139e185aab3b851ba953356	-1.4444497652221608
a23a66dee72d70884c705e27768fb7f183b195103fad03d81aef9db0f4643f76	2.5287314418544464
b6518bdacc446540103b24a7a4d23c9c178e0b9f8d4a29c1e378f966e0d9e525	0.42169194263101856
e2ef0674d0b2f6838f12fcdefa9ce1587f9bbe9afacdf04a3b10dabc540401ad	1.1993780993862415
a064fe2c93e60b752b2e6ef98c171c03f49f50bded31f9d458fd0b158a332bb1	1.500214856468119
4f733645d3a57238bcb54a32e103246f7014c5d2192e9eafa6e9f699328a0c98	0.02904538362097399
498cbcfa4cf8bb8258342b46eda47ea5a21096d1a9b6e72f35863b2f1b0a9936	-0.2305747572969407
f851ba8a201462daf1ba1d315a511f4a95fedb192cbfb6b5a266955b32370233	-0.6531590826555943
68cdf3c5e62ac8317cfe9a24fa18c36d94f808360df7fcc3d8a15df4555c38c5	-0.3373351308404137
b0dc5d02d71576609a3865cd00a1ccda9483073ecaac338785478ac2b864d55c	0.19604332496290955
5df5d753aec1c1deef25a45cc676406c067c9b737ca09076ce7200af22253351	-0.8970425675705542
2267eb9e1cb4de6088e8986f1f801f60ff2bdccfe50a6fa1332cc121649bfca2	1.1978926030059784
b6979c6060162146cfb33f26375930f49f47d8b8eea704b808d90f076c5b2408	0.8663342717158052
2b1b81b93c79e7314b1f2b5463d05a90ab395e2ea8abadf79a6df45a6d70d166	0.5557394102022292
dc5f9e6ec4bcd466c6c92d50f867a9b7c20cccbbfff70c7bca851bd7a88aeac9	-0.49573625307782415
5b1cb652e5b56f703be368352e8a2343b079ac4a76e221640891bafd0f3e191b	-0.6891858413697135
55f16c93488d6ad723b6a6d0dffb34c145411d2f467b3ad9e056bfc434410cd5	0.7740341110221314
34675ee2d20ff2f9e9814d2b8d4fefb9f764f6aabb5db0fe46a462e0b59adf3d	1.7811259735662235
f9995de4c22d0434a2aba7afbdff3d9c46c870b69c5e68f525fa9b8c3831ac05	2.548489639646289
f24bf70ff48829f31dccec9d863102fef1e20f6e490e81666c8ab6e237a5f08f	-1.1754361761559613
c8d00ee38a4aa06514953e57e7492412cf6b1ea14a2eb5c132cb55c0d617b3a5	0.4686896538640508
0751ae79e917abf73a89abf9a28c7b2b7abf6cd980767b174f80451b2511fad3	0.896886199098991
4020df031ce2425337d4e36bb3c7abddd9ceacb5797d6248817bd636221093c7	0.29436862161922606
95448c19bec714c0e85486a58188bcc3308e89e87a88ae54da6f2fda9b510a62	-0.130243491459573
288191d4a9cd5ba666e8d9485c13968a43d17a5b92e03bc1d15519c1f3876b1b	-0.044930528645521314
187c0050e822ace38a2a1a117ee81bdf02691ac9471b49c451ba6135feb65068	-0.23847494003204775
7b8fe22d60e8e619a2bf5423b0e14c381389db24ce661d97824aaacac9cec1f5	-0.5262758534045409
b9e5d225af8d3289e2246ceace2ad0088fa84402ce1b8df343434c549591fff8	1.5392254170602917
02e1056f4ddcc6fe24ab65bfebf391e79261daf2735eba8ba1018e227caec9e7	-0.8607400859388348
a893da446eab577df6af1fc47bea97eeb4ea816d57e2a4b5d0519aaf4822ed07	0.9821460001226983
72e1b8147ade800484ff768015f33e3b988cba84d37ec9e30e0377e6de4f3f46	-0.8983325502893708
c0bd05a130306e2368435661c44818670bde71588c0e1e7849589ef69ae6d965	1.7718048283590608
62c7b510c2bb72cb002ea7269566e407a223dbada63e8f3e63c2ca167bd7e7c0	0.10974012299968844
edbc98c8aaa0d040792dbeee9b4657d69c5cad756dd07289d24b0c5b91e7273e	-0.019710690213695245
1a634e337b5b5c8dc059cecebf9d648bafbb121de992bc95c58b3d7bc83f4c10	-0.14465536274323482
cb2811476efdee02402ff0755ff997cd56578b725965b937773eace42f013711	-1.3985326033889722
ffd202bf653783a0480529563f7aa41e0904e3f6b09a0f5904e6e9b54947ab73	-0.06525627598396433
6ee6ce644e3a119dedfaac30a7a2b57858605b4d0cb0872f57b4b30b53a178a3	-0.5286620496932182
3818a9fac651451e0822b9bb990fde6d71b001523aa8b26923705a6cb0b23c93	-0.22088865929026716
4c184031682839b2f0a84649c4b359077c43375f40645253cc83e4dba604fcaa	-0.1096414446893097
28dc4d86f3d40102de81a44947c5354aaec764de2d6f34df43d81c89beb27a18	-0.5654402122395552
6545a12ecb2c08784d87d3bad87aea89d6cd98a9759bbc498655355a37bfe39c	1.2401865263340985
dba7af5bd3020ea046d29169f789e0dd02ba12f6644e2b41a0d140998374e4bb	-0.15879404452436405
ea49c4f53582af6d9bd6ba3a525517848adaad3fe46fda4d5bcf4163b5cd0cdf	-0.24891248078149952
10befae35c52eebee35010923b306f45c0ae9f03a3c605eca6f98f6949943384	0.007237761537143728
e9243bfa4eaeb2377b0cde1bb59228f8a58e3728187a7da18dbe3feb20eaa6cd	0.40160304115582696
9b8125882de7066ee65b6b052e9afc63a15189eb75194cf0f69124163beca560	-0.7114921800944969
98d2560392f056c8d14cddad352c66e725656be1d181c7a5fc80d51fede1546f	0.09420049620769089
dd03cfdea089ee192e9d115d40697312528791b0a2526b7293efcfd67304178f	-0.9262509375104827
844574b4b17d555e39ccc1c53b14dfb9022ab3537e1fa74981aca4492eb0f399	1.2125776980603384
ab51c3d2e750020a4421dffba40bb5ac311c0212a76e94740226ab3c8c44164a	0.11911779721580457
b3b106e9b341f4b611254899321c24314f9c8c6880dfa8e03c6db18707e617cc	-0.19541884163764403
c328cf8ed2eafce5f894823420fcad3802dbb969831efe37d260e34722aadae9	-0.9035053659000014
42e9bb8419bf513e1389e9400b05d0db93a773ffd8679739e5c280ff59e945e8	-0.7551430229161237
c0a1450d8f4a56ac70acd03a44ef82b9564dd013530c61a9a9ae4c5414d5431f	-1.107338180513886
d2b1b53c8903e40b287ff80b59c7b7df2f9036d0faf83079c35af29bbbd13cc1	1.0188348868554185
953678cc2658b27d8198cdc9f1c09c24fa3d1e5946a9a19c9c71ff8c6223f56a	-0.5162783444323928
6a48a8359b0ad7b5e9f1cd903b459774a6ce2ffdea096c6a73b60451349509af	0.9293835860545084
6b1d15fc1429ae5c31f91df97905030f9342c4feb0b1dd0a9c387118f5e07439	0.7985126615681571
76178dbb852dfa472df093e1b9179d23f62f258399a223d6e943aae31bc228e3	0.3176805996072304
f3f29eb5e79c64b07d3ee223afcb8feb6ee8150fa73759b330c8b756d2d7ffbc	-0.5807380466934842
70a371a6d8f1ec08e75887bcf2edb32bdc2239bca81d328cb1e08a91ac794d2c	-0.3216160591104108
eeefb0525fcaabf422f2e28154e1816b56f0f3a891b85308ffcf90950391a9ef	0.5526988147487949
f173c07b1d07663d079ef02c5acda0487f08f7f93463d60ecaa5497b26804c31	0.3185744664289863
008e4aa3eb04799cf14d52f56d35dd3b8e2ea4380742bc826f352d731446b2e7	-0.6044160967377633
b685369972939dc26c3d6363becbe9f7958d7d2d48c8d4d82749a9d548c7d0a5	0.37210539659431663
4e118082d2a2220d9655308f56d0dc6135eb660451daae8e9d6cac116b765bfe	-1.028015458524193
77d0e6ec75fe3fa10deae61a65150627c96ed702963e2496bc19c27a1c485cd8	2.1458135328076136
9d146989b21fa69888dd44c26d80b4d3ca665bed1b293e9b17d9cf7925764262	-2.723895238028505
037b39fe7d2068b2def8a09e84bf8d58430300974c1d832a879f91a9a19314fc	-0.4400819384129424
f23fb956e87a2b2c1365c1c9c6b68f9cdb0f0a2917d48d9178487b617ded7de6	-0.11905692336694465
883248fa93a2611a60d90a32644e6e3c2a9dec4154a989a78fa4137c4e698592	0.8579213145660182
bebeb64719f1a17ac9904cdfc5bc46e07856556962670e246f554a803fefe85a	-1.112781608419033
70c49b061117114a47ae347357097dc07612c88b18b4bc4677735e498343adb2	-1.123352947445433
eda304ec86d2be947dbe0e9dbf48399727f62ff28545770d0b385d7793b408d0	0.7673786208604738
d6c9467924d0e75a9a6b227523ea327a6c709e8ebe4634c5a13ae564464093ca	-1.3891376114340392
10c333773ad80b4f8d7791ea2a0336f558ec9dda88472048655f7450b318955c	-0.1858629526067719
236d3ab0cc29cdf5494b322565ffa87a33e979fbe4efcf02a5e03ad1b6eaae54	0.09684020363992518
afc48dc9336fa68857539a0800bde80d6669092551c18f8b7e51d6885f78be6d	-1.0402191634234481
9f865deb9f0a951b07703e035d2d636d86ce7ae6a66948291ac7ed955e92148b	0.15664312559127727
c76952c0e70351ce5e70736d74b997c88af0f0c8ebc7afd8b8a7b1d28029ab94	0.8532593280900563
d68eff2347b8ff21513f4b3b4c8a148635796970810ff615a0d38aa574a375ad	-0.27264542094001976
e848a9498a431c5c3fb1d841aaf8f579217720520ffa5afa7e6f0a00310a42b1	-0.774558718393777
bf5a45fd8cf0badbe21b519350f414a6c610e452e2df157d205a9ef528228cfa	-0.4871782941438763
9c81059607c0aabac251a06f36630f3999170b6953fc811ab9405cce900364d7	1.886446363596923
ffe24b3f6457de7f239da9ea8925fa2a5e52bd91a905ec0f4ffcbebfab119d17	-1.2008363466935885
04a680b59ec5c279654b336d38bb0f08ad295e4072c9fcb7e71b811ffae9a6b0	-0.4215551092699471
5fc8aa97ba5042aa520cb148fcd62f428d50b4992512bdec14dbcd0ab1f379cb	-0.9910526909161381
f8046bac12f9313a01bc962257a6234fd926231712cc1bc8ccd8eb6a29c69321	-0.7256835501366763
e9121bb2395469c1ca8fc7c1f722387339b466a58f97dbe9e701f4c2f67b2cb6	-1.3959140231775433
474d700787e524ca7cfd92702fd267f14687fdc732c689529303a24e2ac18441	0.6790930887830048
5b47dd87a655050737fbd77596ff862840333d4d7d96201dfc7ef274ea2c3422	-0.14509426019442653
cddac1b7b658ef5ba8d9091433b27c7f70a7bf75f622cd92cd88ade73e7fbcc0	-0.4317158130101487
a690574dd454eb0eff7e5b421a968216a21672f6698324f07a70b01f6a1c5305	1.0397284649712135
b1a82d5bc466b62fa29c049686a4cd7c57089427fa3606b200763752b7bb53d9	-1.3279842846622012
908adc6a4a9c7c95d64a692bdadfc4e4da7f5236e48e29e56799599ee36eef41	-0.8017406010407835
ecf2f7a7b4df093a7b5ced6f49594bb4af59c52e0e46d0f5cf1b9fb2c1f0e848	-0.12150254178687267
6678cddfd7947d2c255ea870e9fbbb7eb38f2298d9f6c223534c288d24ba372b	-1.818098374204601
83fb55fe0ff903dcd38e14b27115e4f7732aa06bb7348b956f2a617f18b49703	0.13291650191019883
acd991852a618127a46b79a3ba24df2192c481455096fd28e3a347f6d4052397	0.5736617796641298
e55b719470e8e99e9c81460d7bd39f2a08db63e8a68d4ccda87c417f87dfdc6d	0.8951991539374898
781929cbaa7fc2d8af2198bb342d694119d4f0ed1ddef6f56aa1ae498c31f81d	-1.038424336299998
ac8037e6e5582346a95cf32a7dc8db6a58c71d1eecbdaad0751a066eb0318b86	-0.5962596916150087
6d239ab86ca2505f4b6e6cdc6fb833117fe9f84b577935c730b7a789d0933d92	1.45434257217656
a2be0f784eb45c78a28d80f9305e39f6e4748bf08f48bcb84cbe7435da5b4631	0.4424806972748595
583a6fbb6da65c34cb62b04b3bcb47900c1205835ec74ce9e9ca6cb89f02fe36	0.5520333307603285
01e10e4163f5c9c4a64e8279ecf122777bd81213a40bd3cd4c9c727323d392fe	0.26060491813838366
a646f24d1f790023dcb6847c7d87ecb33205ca886658595c00ef916ace7ef270	-0.3938970166354617
2dedf0b628a0f88d4499ae197fd8ac6f12d385f35e03b178e73512803e744029	-1.1495395072968808
6c8efc18e8ecf29e0f9cfcc89130bbd61a84916faa82a550cfd26983a5b83794	-0.08646522938716501
220d61c324750fed7e9776fff312c22a4ede0854d50429c0e8eaf6f0921bc1a2	1.0327610701353773
c5940854df66bb42fa1307ea497daad7923cad701067ce4d14e93f0738ae20e5	-0.4725541801073887
cc8ec34f5690c0f2d5a6c9c22f17cc8fd6ee2e12a68f86899c713b77393ce7cd	1.072899359262881
9257389948b0ccd47807d0a642d963ab91434b67f33c1e3d049a0b4e56f10f1f	0.04538571100571026
6d3035fd0762c91d57918906af7f8dbb1637300b3596ecf510394b7eae93fb34	1.6332712603005537
225a9a60db3a8474a5d1f40383666ef4a69d57d8905b39a95b498b43a81b75f3	0.5170127274914255
3999bc11f69d5d46e3e3f19ea050e0a5b320118ca1ab6e977358375e9487e1cc	0.898419477723275
682715d4d9a99381591666558a625a186affb948cd3f276f1a05b2139d354827	-0.08197295323173515
7916f2ada8802b34c870c1f02966084467f705fc47c1e430fd36bc8adbb60244	0.9267049060133292
b69e29d0e271955556c9cfc39e997add6e8e5663c876d8970b13333e8e0bcb98	-0.793196843811788
cd0fcc6359e74ebfb85f674071c2b7655d9d032d6e8b32452d89fc6c8b98f439	0.24661590637742353
0da9dc06d55732174f51e87880558e1b8074b61726fa5922dfe10608cbe7075f	-0.9878199813710085
7be1db7fb600c17e90804ee0767ae7f3014270e23cec9032521986cbd9c3a43f	-0.9368230462738233
de6d51429b4541a963ad66c6e48747a131cea58ebec2f6801fd31edb51b9ffe1	-0.21037896130222816
c06e9068778b2c8bd7d85da8087693a57ef5411aa847e8e23bdaf5745e1b729e	-0.15480336122508015
d8f4ac1b3ad2fcc17d5424afe022fd13fb0a9fca78f0768fdf4df9b9415873dc	-0.9275518395396497
f3fab7b37b11020563bdb421ad193ab19d2b452836ce330f567dfb486d7e0a58	0.933555778448387
fb109b6b313b31ffc29eeab5548a13b4dc817db248238660e679e0bc9273712c	-0.5701528418564594
27b401f1dc709b5a24a66b9f524854dcf2c170386574686503dd984c813f43a0	0.6028201921030746
83e7bd8d6ed12223b8f47f32f7d019ebbb706aae72750eec1a38f5a98490e91f	-0.12539933639963863
a0ce9289367f7618792b4d8132e85a17bf49804501f09c4b98916cd7cb8e107a	0.7936525350289347
4037a4739e807827d6158e2d0c5fbdfdc262498907f396de4e227c8d1c81f9f1	-0.14255483966769902
8327661de0da787dfec8485d037452eedd1ab262d1c1d30c38b23cf866117a63	-0.46729777766627556
7483b08e0f1435bcf6f2ba086673201bf7602f038066fb0db94da237465bca28	1.8406613493295567
5833686832f487ccd111d76ce0a6a80cf7762831b4e1d12418c77fe6cdec612f	0.22057145494133718
0257b01ca53f88884f7f6de01c6ab0ca15d9df27f115b687ff2aa867ab5a044c	0.5232057716638643
0ab6671fcdcb1ba905ea2e5444efa1c27fa8c2b274d3fd3fe42ed2ba495e538a	0.5802289900506558
0f52bc2a489c346ff88a82da5d5d3ef6d0420a6f13353dbc58bc770a75347cc6	0.7290717383790782
36bb4fe252c09c3f1c0853a3a7a4e5259373cca5325cd1670a0a35c260dd2aaf	1.2550832754384
69efe2ff4969729c686ba0efb9c6cef038762219183ac08a87eda458cec30d5e	-0.661757625568931
cac32ca1fd1076ae1d25df58376eae9f199022b350bbd82aa4d9795fe8636416	-0.7880601345479306
6f789442c0ec53ac92f2eaf850218313536dc5433dff3866a18c1daae43a0c93	-0.906083212448859
ecafa321256041b76089fc90aefc25a2169598e707fbe6f1b76bf9bcf7a13e41	-0.20079596179265996
fa22d94f61f2c8d5bb95b463c611d593f7127606886f80b3b7f6c8d3fafba6d7	-0.7527271285951469
32815dd963e4c4916ca16a562222b6ae7d35c90dc880c914c26976c648752e67	-2.0979099766128724
d9d6e8d6f58b97b3087754a35a6fcf6990f4d2c9a26460bf7471e55cb60e1571	0.9497427635288622
77ddebe873cce3e4f86f481d5a47a6b642bf56ca96a94920f839ec0c375f433e	-0.23731402278575675
f89f6da0a60543a15d6641569a33f1d722e665bddeaa9d4100751577056b21d3	2.2549488088637712
dd70ea6af4305e3a72750e15e3568c5cb986b8d43897412f6b76f7cbece1513a	-1.7086335871913865
04357da6243062cddcb902af4c599824d4b80584f5182a9cc7117a0d79117d3c	-0.5035352378798387
f1996cf30747b84b4aca51c12597fe303a1b4210b39fc0da339093087e1ca20e	1.2470210236457868
2237d5ccbd2beffcb4dd0b17fc63ca7bd8731eb9100c0fbb99728b6310e5f6fa	-0.7815662654648701
c5d9947985e7a4955a9d0f1708767135a7f1a6691c023aab19375843c6995877	0.746893099832144
5cf5a75466dcb950c38f13e8e5c020c04a8f7ca283c34c0ca94065e80f8ace97	0.13830200041897403
a9ab67d069d01871068849ae69dd75dc1a2cdd2f4c03e2998339ed97a6592188	2.5581191583500718
4b90e5adf44442b181c62f80ebc898e384335749e046af32d28915337e9ce6ce	-0.8037129205247399
d0e1607c416fb2c9ef28fe05fb36ee80da0e826856f838fbb11665854e571e01	-0.4728636787575837
ee1c4be3e67a22cbb07807c0635fc75c3e9178e546caba1ac372057b06ffafa6	-0.7874066757989328
9f8f33727c8d94e83fad518258cb78240b4ef5983ea1ef85fe9d9c61036cac7e	-0.6456213486646465
0a23d79337f25f7d235c6d49f9cfd7b57eca5c7cd110656700a5dbae2f3350df	-0.39543158217013685
f4f0c6f5b4d937df701159c53940ea12d5f138f4833d6250a3e2caf7a038bb57	1.0824336654774085
09c530692966ceca262c7868cad01f1dbb7d69456ef568120993e5ffab69ebc3	0.6779155226393629
f0a42e8810b6d7a0192e8ec9b1d64debe7b3e08c9e035b0a2238ab38c207bfec	0.9620161023782605
ea0eb9452d4e48c9d032e4c27cce57ae5d862ebb898c3466f2a86e9138108eae	0.9012684513167571
430a835c3b82bbb280edf630b41e6a4d911ea00a626444e9eb764e3fae7a525a	0.053513503474981045
04093974c2b0342b678999016fc89b1ba117b40350cd82f8c2165db85e6433bd	0.5818902424986966
235dc426e624e1c4482516dac46032157898e822b1f8fed7427fbed154cf9fb7	-0.7892182983046965
d1cafe8af733ffbab4cbadae57dd96b89bd6c48e74fa5042eb1cbf2bd8526ef7	-0.6636266483040973
47bbb02f96633a5a49e4d04591cf268340013da61ea223641eaff613ebb00066	0.7703560755193479
6e978ac50e4baa5e28905afb490878e525a181d7355c47432db76e7444c3066e	-0.7691461492130607
33ec0cf1ad827d5ebe099587a7734f0696e4790d6a496dc2c4fa001a33fa8c84	-0.5301806413182861
7abb208cb0cfa15cdb52e6813dbde48179ffc3aebef07a29469156967b051bfd	0.0803021186290786
1067ced7714dfc7f06e47ad5c80de9bfb71e8ee47e496e7647afdf43d71fbd32	0.2905270569193637
500d0f005fa243c27d1dda6d5c0fd65fa9cfe17de9c370029140bb4f6b641fae	0.044765998536696126
d5213c50d517ec2b6170e5df74443ef6028598b7f7337c098af8f0d13f5360e4	-0.7194526543590455
991f94403d9fe9bcbdd985e8eddda5e873e91fbd858a99ae38b6dd90b161fe70	0.07181493155269025
56571f8411e1184c522cb7de8d843d6a04a75300d3f335d86e1f299b3b7f6b29	-0.1958221843425459
cc29881db9070ae2b1a53fbfede341eae613a005ea7651c3c3c56b8a87db637c	0.6389473615539136
5861e6bffc0c0e74d4ee72b2ed1a449bdc2ffe24d0666eee0d1d3175e4878eab	-1.5250719273511908
04009b437b579723bf3043615963dd10fc5722efdeac7929fb2c14af541a1e28	-0.7047939119778892
65e404e9f019d0a1a07bfb8024feb292e59a9f08e8a10c27aff691641f68209e	-0.2695827948709338
20493ba398e9f5ef3d59ae21f505047567dcffa0d00e2cc6043a56dd62b5cb1d	0.6060458351490158
567ecc9f9ea78ce5263e6bff9ed106c8e1950729ef916420d14275accc3bac36	-1.3754650107039177
ab9e215a67b8a9a4e8f292332ecd069adb6c310e75b3153e7f920b867d8ba906	0.31374044014806884
536bdb75fe4c4feb09d9c38787cf2a61910f31028723e8f8758f38c03ffa852f	-1.5768442310740431
eb0455c4e4962acb0f0bad8cd29cb0e6835c576b538970bd2df6f61f6a872910	1.1641980242482945
c14d1a599d54969df195cf57eedd0e94550b3fed7cedbfe90130700662cd1b46	0.4768021596675114
efdc6ee9a3dd0c6c7a46f461774ac8ac1ba3aafc63c9b5456b8d48eeabc7295f	1.941142903982593
19770a1f51c503b50963ba0155e95cade96446e471d782d9311e3901864a4b9f	-0.5408505809079254
466838e275e582337eabb7a5c2c44a2323e1e110543237015d621ca4256a2a13	0.10008354081160153
6c592e3295eaf9d58159fd26328bd25a2a03e9fb9300fc0f4a22cb8fc6004554	2.873762606642657
05bfe621519de5375fbd609cd4d15fd7015de2e2a23ad82116d2dab82762f79b	1.377893333952771
9955d3be569380dcb4ce0a1195204ffcbecc8b025f156a8b3a5ff98f6dc715a2	-1.3935798216299036
06387103a19b2b4fcb15a295333ab5628f60738ae38004815c4d5db0893075e0	-0.06352364233529534
2b08c2088b542aa9238538f29ed97f62da059321b203cefb1fdc079ea4b200e8	-0.6040367391250054
d611ed18d4f4d18c3ecbf3d60de6c26f3e35f71aff60506d2a85972ad28ed9e9	-1.128342810630429
a8ebbb92a1e886d91b209bb046820d5d90253b3dc400b25181c5ccc99422ba51	-0.2704865146512856
20f785221f884a5df1a9865c0eb2766c068090c7cbb3ff7dd9590953285fe514	-0.9159042887520732
fff53bf3434db1fd7b806ff2e345fe6043c7d521d038dc2a0fb0d9edb8868ceb	1.522056886115809
ffa1c50baf91a34c7108d66742968c31065d3cf273768036927100ac77ebc4b8	-0.49372399694744407
2a364272357805a25448747e1b611aa484fef6c7f38dd23a7a73dc8ff90d213f	0.3008977205272293
9a3b09f5e4fcbcb8db10247dc01ef2af928a4d7d89b8091d602633cc11007360	-0.08500875945517974
7f339f035b27cd2e7f1d1d4b5e2981549f908c3536ec7a052d8a990f9fe215c9	0.169081875105302
62807302638230535c798719c6179a7c8fd9a20cdaa3a787fdf85e30713c20a4	0.11336609690654377
003826b02e863b61b185ffeeca433f10c275e9167dd986f4c197a2e6e5e99f73	-0.28094872216249867
177fd901e9bac6738590154eb1544bdfd60935b8196e8753280800ee0930ed6f	-1.3199096681611715
60c7ae5467e7d0017482bff64b5f68293d89ec5a3b0cf59e33139bf8bedf7a05	-0.8438848174274305
49984de6fb2367c7314b9a1aad842c71ebb233320e9707bacb123e61e6761035	1.1232657784267162
b083ffe5c8002b590f4affa201500528457cff8bdb801ac584b7fb4e33a4b8d0	-0.12641282591105557
e66589e83950a5d95e58fe585133488b68df933f6719eec14a3f289b479981af	-0.2207160500788925
6f36bc27698ac362e39409a79d836b3a2ec87aa38cc968eb95db5f7de08024c0	2.3560831930582307
6b10ad1a0e6bb0f9de720d52d8ccca7a3b3d2a5af5e4fe2201cd9a66f049dea0	0.4848541042615407
d24abb6cf430bb21dbdbcc2c9f4ca5f4780be40319b632b25936a0968ae952e2	0.31540338426063375
103dcad69339313c0ff22721277427f7fb2bdfbb93c8e74721a7064eed9730ea	-0.013720363655842088
7067e9305a4377265b12d520e01be9c4ac713f165f9633cfaeb9a983bdd5f38c	-0.5133712470320769
255ca07f75beb2418d62016422312f0a58a413cd46f71c7499d47a15e36eaac5	-0.7668689210923318
595ab9b22f2440988ffc12ba9986528c4596f2ff742b7dd0c348b4fff2a1bc18	-0.5922896858754287
340c48e9aa6b57d870b2ee973eba4266d73145366e2337e9d665053c3a0fe4da	-0.755528607605485
3fc670d34a0ed28f8c6da2949c4f10e710f5f4d4628e8d3de77270e26a217c03	-2.2261578083978
fb4eab1bba7923b731943e3f9835a7f0abb612672708d8e551e3060fdbe219f6	0.3505044584007881
150771aa24b40adb8e18012190abbc007c89c663b526865dba8312191f2826c5	-0.12976200190558496
5c166f1656066d0a78b1f9ebbbca98c363c4639fa2be7a21e57c7ec73efe6976	0.1877633198309604
f6b3c8697a72d97f2dce9116d5f5bb9c99f625f3bd7b5d7da6d3bdaccb6f0d50	-0.834366942743241
ccb06872e6315a5f9c5d1c8cadbd0b26be79ebf61aa818e50e87c594d8988bb3	-0.2837485695760817
11d9ccdb7b5eec1837dd9f9a07f15858ae9a81ae9c0a629a4a6aee1d6f3a633f	-1.1046614499048406
b1d2d1146b906d14f4b05b2a37db40cd18efa82788d883a4ec79a7d610b13be7	-0.38864869389478796
10a0e2af1bc8f73d3cb688064b8a879ede9c7e3d2a8fa16c23992753dc5e6533	0.055842827831750375
89bab94e23ee3ecab3884543e3f16ee0465b26c158bf143882c0148011f23780	-1.4148493452235467
10912a86d15fb68977ecd0b41b8fae9a797fd0b3083cde4d29893d9ce75ce9d0	0.366985046846224
7616bbbb9745b33370fcdac4c189816058bd738d804b8cdaf354af82ad252f40	-0.9774991126432712
b8e990e067869991a293a231e35ede20551b44cf3069af4f9cb5a281ee0083c5	2.1339207703597154
7fa713d59bbab3eee10a44e2ed2e3acb95f802f71e8a0235ae436726d081cd63	0.03245880978311827
e56be1a6df93c1f16c13707e7c880d9d440e11532c3a3e173eb2fc027e539e13	-1.0096005833074442
b64be2413c0e9786e79ed714d892ce85978a6a23e4568f72c200ac352b87051d	-1.1774572238899585
4aff5925572a0171687641782229c7222bd419f15126686f84ed774cbb1abe97	0.23879524914296194
ddc74bdc5aedda9f758932fcf15f948033fa698b1fa5bd618ae85e59b2fe300f	-0.04374890871805358
cf419bb7730d39ab9064baf879e6682b3f2dadf85cdec99b6613be2d1bf55dd9	0.5596371806561353
9fd749a65eed382901ce3fe7263e368c8394692179a84fed3da95853e277f9a8	0.8636671243969365
b4893c9f3084ff7da67278d6bd7bda6d58af10ee139d17d767cb94653fe9084c	-0.18491046139847578
214a10c503c9b210f647d7b0ce515d6d4ffc6d3e4d6a3efbe7fd04b62ac56c4d	-0.38070040346866196
bf23bf5f61280807bdc78fdda2fecd66ceb3ea00ff7992ca638e7028769aaf3a	-1.4321161336028618
a0a4e08dd3acf2ae2f8c2fb95876cd9dfd5b8d2427dc38a569f34572fa2f1efa	-0.5600258900654488
6f2a764a0f85d627efe58b3118456bea58f93deafc438f37baae9b6c06188bfd	-1.0878580462911103
52ee5b1fd1712e1508b4eb094e732e9d843d81b453c57db181ad9eaf6312cb7e	-0.38780144880247075
421bf9e402a2697b6a8fe332b8eac72ca4c1460bcfba69a29c02c7880214ee7b	-0.8747248808521195
48bf192594183fe1e456d5de38b621243c9fcb393cd2a2759d3502b52a0cb96b	-0.6482449234316838
a7e77dc0d9bda9500b874f5e3ea20c4528b7334d64a51802fdc4cf7adf97c90b	-1.1562318436976553
7ea4cbc61722bb59a6abc8cc07f607f625ff53c0afbdbae24efb57b121813341	-0.09222977648046501
1f6899ae4199180472edb81701561d2f9aff49c9d33dbc9dc7080879352966c0	2.184569613263223
11f6bc8bb7b027b6ac31a07ba6b1fc328d66a2f6613a7aa383a84efb992daeaa	-0.9324873128033657
f592e89638f2def6ddb3cf02e0b5a0379f8306db7101f761eaebef955eeed7a1	0.14553644958094875
d25d5a0c4ddc1fc42075528ccc8b4d8481220db28b2beede6b7361a5a178dfe5	1.4450598045399659
66a01512d7bc834ab76bb4665b93f2a086e74c026941006d61d52575441b4e71	-0.23012435662746777
52272f3df308923e50626c93a2ecef3e7177879095277e02f38894ebb141a0e6	0.952963775943323
76d804123705f912aa218a6326f119a3695124f8f6450e703e5a465a385a6d9f	1.1921036556829754
0a7dcd6298cb3681288458c017f9488d090b1ae2acac4ba6b05362fc6a006783	0.2608351325619749
10241d919a9bb411059b9872f03c4c30531f96613084e4a496a1040284034886	0.17186125148088272
40ab8655d0a5e4ffa2eb5f1d23668ac274723d4ee5afb9265d3a2abf7e63141d	1.1449561355114137
3ab74656ea0144d699063f99f808d29e80aaf0c4f6e5cf06373961392bcf399a	-0.15834675100333667
8af68959c8ddc0a068cf582d08b32a564a73187b52dad3391a203077bb48cb91	-0.023466588338710154
2812faea75969dabe67ea141f9871da70c24b2f709c543165851f05b8623c240	-0.20498333842617045
483395432d1cda2b6fc25efbc73b84f2615a9d25e667dc418e279a848ab5f184	-1.0792892778168752
d1e9ab90b694f3d9b791ba3138dc31de3986d9b5eba67b5e0cdd41a8731ec74b	-0.356348812104589
097e6d18da07918cf6c61a5eaf336d04eea4e8b2d09f34b9f47d6a001d5a3334	0.573504673137153
391aedcb7ef3c0f6c0249902683a9de0a77d7022cf82b34c9109b52d520a4f3e	0.6400684295044561
368fd6267eb613240087dd5bb4b0559cd5bd6475a3da89e80df94152414aadb5	1.4872524582110964
038f377693da21721d4f4e88b1f254e9f2d02d6ea73ccd61915a441dbcbe51e8	-1.9395930705835633
7da2beb7042c3e8cbec3ba73f28feca0c11a1cb6f9a0dc45ec535504107bc7e0	-1.3037470854378683
417fdaecec34aaf71a96ffa77ab0fed7f7aecf257bbb5cb418411facbd889f84	-1.0671437040202505
6466c0165bee7f9685e0b02497f3bf87f979d8d61e2f6ac84362d01f1d251a74	1.8862603073955895
d6ca604b5ef9c9608731a52cc54cac0703ab3ac1363aeff2970ad40417a8509b	0.11249801122141477
ff4f6e90035205456ce16e426c25dc8d2c8c31232eee68434918011544b9832a	-0.3058175927189042
ed219051f4b4f5abf0ee5f4ae368a14710614c86e6ce2b963be76c626c755690	-0.509334777955631
ac4fbb5b465a5bbb5271cd7d780e4b19ccd3ed1194d4f6e22221858a6a88fd96	-0.5862680092811712
15a078e5dfaba38b76104dd4580ef6793c401e295cb487266c8cd9a854e096b3	0.33403157656763294
b15cefad8f9736f7126967b0f6734216cf75257066fbecd826fc5f4be8ef4123	-0.4187682684817437
d1719057e2799e25dc51d82111f985da0f07f3cc5d3092fbd7de718b41a5edbe	0.8872818187677148
96c3626fc76d606abd36d565f9cfb401391a8759dc4643b153cbf65c622cd35f	-0.7949427558940982
f2916de188939b8ae2e5ceb2600b390164a9191256f8e32930d22b370ffb1c83	0.006215749285636757
fc32f7f14fe3ad3dc6638d053da2eb565e64157c52ecd53ed1015daa781a6ecb	0.1549054334440716
2fbb74d84ad6d294d27b796c27237de3f031a6d3abd5b8bacf2ff2315b031d29	-1.0384264769105085
d3f51b0f1b9051a5b49589e5783cfff15a22b67075bef42c5d49c661f72e61e8	0.01670950517148595
29fcd6d2a29a37def0095eea7f2bae809812dcca4f08a162193cf52a2f4f325c	0.7589358225666186
3cc7bad22a9fe813c1b0576f7dd500519245788139c7cdeebee33b5337abecac	0.6856472459357726
7c4ecd40e61fb69211786cf668463ea177b7d1e64f957c5dd4b8ec879884b8e6	0.30520519912857635
c397d4f64761a2062b83453862f815f1b370362f5d08e2c971aed05b60315bd7	0.17357531731282233
b36b89fc68d2228bec270300f876c731859ce0faf1d32cc3ff0b1da9681c9c0e	0.754885086802517
a2483a64d290321388945c947e39c92037ad1bb62cde18bef4a316160cccde4e	0.48782591717710483
784fe68bfa4c344b901d260e0bf0ac9cbe1424f10a686278fab144484d8737fb	0.13103158210875765
4ce6b4414f35afa8d5a957c120fcb51621bbea0570b6b1476f3a1e99cd36a8e3	-0.41881661920314694
e7a18d16f884d5874cb87d4588e62b16b3d067cdf497a7898a7591161f01e485	2.615282706537181
af785c925cd32275188ae809dbcb99b5460cc3f5eb7b834d627257c8dc68bc3d	-0.8699489957733417
0a1c34c3dcd106e11a9520edba3f93403c848eed347fddba9fcbd24e94c2f5a3	-0.5475989073910442
ead5b2132e8aed62e75ab33d4b029b7ccf066c6c47a9f7bd75c61213536755ee	-2.1550672382891634
e0706502bf7a8f5348cb71c7e16a908c6d0ebca6f22e2900ee5fe4e7d23d6050	-0.6051648725858336
12d65cde45cccbfcbfec2d187828c33f416529b594cd6e6b3b6dc3c720f5d7d1	-0.7236929640301879
08d61e6a0374c23ceeb7708f97d54e04b230fff4b6ef45b873882adcdc33d4af	0.1208331649320583
e51a66efbc5d4539f318241dc7e1a0d3307cf655059deb8b81f701818a891253	-1.8311944145362613
354480f74e4be65c9ff0eaf007b9997801ee9b157d74292e241613c741a14d41	-0.04120150785368651
7b06c009d93f1a1fd18eae5708e200cf2eb0e69cff5221828eba849e5c383795	0.43759908031171363
ee14e04e0cb984fe4597d8970ef4cdaad50414f0f3be19c90fa9fdeee4a1e520	-0.48997630885760424
afc6978d5fd49feddd76183449a01ac0cd7e33fb93a83c1cb074194172438925	-1.0533357182425995
b1cec091b04749494768cd2a63255ad53baa8ea81e55c75b488f48a8dcdc22ff	-1.7024284519470376
cf38b259371b714977518716c14c5716ea34b0da726c47d3d5ebcd1b8c36a272	-0.7952099217684427
f28699cf8bffe4b00e9718287b2c3233892ecb74a344cfe31dd40c3088c95839	-0.04620110275364964
be3581b14d14d4dd77f0e9b6ff42173c5d9cc974edde28126421cdb6efca1304	0.4723048848193188
66a21b05291a87adffecaaa94a3d6c1f2e2b38c04a7de2097e62256485f0ab94	-1.2478471930089599
0ab4ac0abe4e0d0f48b605936cb65eb8c9cfe6ea42bd69927710c8f1e9efcad7	0.7582431545826408
2742d71c323dccf18924ad9013c024bb4dc5f410bc29b1aee9a40442e09a0a10	-0.007709980194993776
f81cffed7e49dd99526872df49dbd6c3a0cab9ada91d384524528ea0e8217742	-0.20215916009015117
ae006b07f8cf2eaada2f656ea56e4719c10d33f0c1a6cf107cfe0b83d581fbc9	-0.8204018061683225
3640a6b6a8e601eb0bf88118bad1bfa14e7e58574741673ff76875ab73ff0a1d	-0.23290093926316058
1aab8f765859c64511b33e8eacc8cc23f188848cebe44dd6d4d340f77015b26a	0.4102193839520226
fa943be79aece8a93fe6d0281481909cdaa4f2f3288c6a7df4b1c86aa7885a2e	-1.6925369219233013
22563999792e8a4c55927cc29c7a2f4459f3aeeeb45703a14af9cd5ee9558870	-1.0021505799508796
5353b8c26c7d271bd171b55f96d37b62b9b828969fca7f4bf950264cb90a9dcf	-1.01912185201311
7a43813d2f0d4977a89da44d831f5c51cbb22773673511bb35852d708ad0d936	-1.9653852761809996
5d7901dff3d5a1d547d8c198401fadb1374f49aec104401ac75137e68fb29e32	-0.617569501701389
3588e9be1616d452a6f73ae7dad41cfc7719527a50a164ff8df8fa432f8fc615	2.2528307813066255
ed21ce320f0dabaf29ed84cb239e05ff9c6124a57fb07f215a9741f502a225dd	1.4716147106992237
2222f096bd287095b33687676b1393eb2d2f697948c4bb5441ead8b306c02281	-0.46872554697871377
3ed47a5cc4c6a2695fa4fca1b4c436c991af7eabbb7b9286cd8e92f5fbc13679	1.3642103209178373
b7998f039e81927c65fffc74d08d4910977576e666d09e9cd26240d713e7b50f	-0.016994386312753587
a29d7cb47f9f8b748c67ebf0431beacc40b36061c2eadbdded0dfbc2f0d94f94	0.6622228125499114
bf4ee53dde6b4868c4abda8f3aafa61adf394b8f0891e272fed873679e029ae2	1.902752879891278
66ae550516bd6a5f31540d694ff5682ebc2e8e39b0e05302fb447d0ff22d98bd	0.030977168483551615
3b5bdd36780cfcc081ad23141c940c0a1ded4d4938e4aa6864c081766ec6974f	-0.7585112987228249
0c3b4f0dedd69e74922eb6dde6680f87743244292cf7184cd0c917c1f13968f3	-0.5216414254806269
a48e9886e089ff7c88da66df2fee60c642d6a335673a05c80cebe991acf45835	2.444674623304772
8dd7ae1821a387760eb9c3223c247edc084da06fb477b1d0edff21c1a3835cec	-0.2914673736327623
f209cc6f0d1f88660439c70c7549e0bd82ca232775b9349bb07390d64d3786c1	-0.20787263084289892
ec8b9dc99d23e23804387ed087d0c42bfb6a0366477d6cddaa9dfc91682819a0	-0.702541430249072
83c13f584ba7df4446afeeefd8c5fa9d2fa08e459abb472cc8643ae893d9731e	-0.4974451005473442
961f81bd5815cb919b6f93ff9659737daa544afd227a47349e1337b3aebb75e9	2.9970879278001465
b72a7c5fe9b99f1f65eacc7c7bc9aad8963052f0c95876c656b562f16f86a15a	-0.8825530875378804
737f6460da33689c3db30d760637b5d4fa2048237e0f11c269a28063f739c55f	0.10566766473906299
3cc0906f8d74617fd17c605adbb32c77a21b0c39627f53d19f1aa44bde1f03b8	-0.7193043496048154
4b82c4b2ce27d5d01db68b6ea83a6c7f292d1f64b2bc6806bc66513eb5629011	-0.11125515164732913
4729936a746236ce085a0a74247ddee1ea9401eddb6f9107f56df78746f8c5ab	0.7409304766727894
c66c2c2b068576732b7d5e276e8eaccc75bfc99335e8517849b6e325db76042c	2.457999862249793
c1662d2a2c82cf6ab2fc6711be9d85372034edbca31d33d0fb8626f73eab2cbc	2.769295954508748
b5617e40edc99d79425c8a74781f2f12e446e18ef0e1be695ae08cde205dbfb6	-0.9415135022622448
fa3512a59488fc8bf9db823e5f63a9715a39c23fc2e33b6399b71070150a516e	3.11257893201448
eb817b41e709bc68b9729b4b5e28b91e996a907c20bdb922d4b7196b86f3a80b	-0.7498796315001905
021bdc3816f1e9ad54dc787bf1ead984b522071231e4a09cd39120522ed7f99a	0.41519104105736915
09442576f4d054a4fa421057538f707142ae5ceded02bed396463f9272df1f13	0.5867271270553196
d39c36e1f3a2c564aa711d8b5bb28d6af8677e08a957ff7a6e8045e13ba1584c	0.9526186394915597
ed82bbfc1893408f410e73e2bc238035ff4c49392bab06a63dbb4bc2648c4ee7	0.3232693900366562
75bbcadf907e5d03a4d0279b38b22b0b13a1413dedda21b6e98545f41015d8f1	0.37828673753363246
c0b5e395b26a4b86b933698b5b76099016cd3972bd8377136838bc428e2e400a	0.05393387523248461
f4417679f8eabd7bae8501b401821b666aa14df01bae773bca8bd43c0799b883	-0.7294577427022395
9750fa83f0dffa82f9804557541297d24a01150e4eee61abe276fef402beb871	-0.7491272467254958
175dce8f7203a681ff0cd6aaa7f4035d8184959822a73b1ec7684d114d456172	2.22123624684679
4f6efe6b9e97c50c69154c26e55879f174b9e130d004dff854f490516d189ecf	-0.6339501877878644
4095a369e87d5d1a57b7a5361801c9fa1dc7927506002e50617549c1e9c8e74b	0.03878678214209334
f05d31cb4cd876008f388800ea964238213cff9849190b8171a7f01a69badbb4	-0.05304260536906741
21192d8c37d53b606957674317f81e2045b17ea01cbf2ea7dca327eed225e1be	0.11316324848730719
a6be1370ea62791d7252cf96986304e927d903cc750e207e1b23507ccff97085	2.440830652207662
1a9314d400476705b1f43275f6466750340d2d38c93486344a99d3be73782881	1.8751019125642625
b345b5e10bd9129c6bcd7ab91e437be5de53be4c42d43a5b9d1337ad6b7a7e94	-0.5250107117729395
586d643c7e3587ddbe8314d776402b22d827dce4daea3c1dc18d4841a22d39b1	1.3350263421204658
df118060196c2f818011cbcab20b4e2e24af5a0d0cd50f579bf662e93c4f345b	1.0630100083176888
ba9a013f859b91162e5456615b7f96ee52f80b953a0e1e18aec490951da67518	-0.003882934724340703
d03b466512ef59a1ae5352c5b44fb637edfc6dde2e31a49b0f4989c599b50aeb	-0.03227978395405792
f86a905eecadd5d38b32cb85befb00812d9eea47ba42eae1082b27f997158827	0.1442370100471912
d0ac8783e7c9f3745fda3cb2cc40f6a875de1261884b9f1ebc053adb811d9aab	-0.299500135791551
86b60afbffa059630dae5fe313afacb2710c91aafe2d55dd6c4a6a91fea6c51e	-0.8412722431861621
d0e17b99f8db6fad97ad8427d1aa25a86c15d2607d60cef0c02c1a772f1f0ff1	-0.15388761468537548
755f6a103011cbb5b7196b5a2ca0fb27b25c3733f6b97a0094360f17c42f82e1	1.2322722547203022
7d2b1090c2597e6cc1a3ae874f8ad8c21ac38946202d9b82465c3787cebfabdb	-0.3704887209170843
2dd01bbf9e41360904bf0609a5fecd194c79c7486fe2cd0fac7ef7a545adbc93	0.14417470549704442
92db70a61abbf75eebfaf3546c36751ea91618c2809f0517c3fc6555689bdd94	-0.842999883873228
f6d3d302a1587a232b59c69cd8247fa92e96882b29a187eb3805a698ff514b06	-0.476346960232343
1a92f1739cba85e8aa5aa7fe3bdbb14b58028e31f6c4fd7bab0ab010eabb45b2	0.06713339900483759
a553984228c5794fa91150c80d8027205262590d23384c1d4497dc69734b31d5	-0.7689836677044123
a0d67150ecac7134fbf4a794eba4fc9b63f31cdd22b284c653a179799580d998	-0.7698289914724831
fc2e53638dc1c91425b8d60a4186ac50303b1aec180c6da98966ad517a6c3968	1.4799575512743144
39626e73ce9fdb8424528d4936289686a0f87f32351a28191edb6a33156d8a29	-1.3297769169736227
bc86bcf1524dd2098366d8ae1281847dcd6cb5f647cea17c2adfd2a94900a099	1.6636047472895674
b996db6844d0e803c6427b471bf77edecf4562634b90740ed2051ca843bfaa8a	-0.877132009504477
c6ea41615ad8e7805451eeddfc5e71e0ca09006bc405c914b53bdb5927b8c895	-0.2955940618830287
77b9c4b9c92c91ae8313f83e08762aea93bfee46589543d7f310d43fa778a293	0.2715448447977241
e704339468e84d31867eb3ebadc665f7216cd49cb87be8ddabfb567e4bb13a6a	0.3565721086888374
e35720ff30ec2e927a1b975907245fdfad9f65339d23b6e378a3841f4f4c0e7a	-1.4060606489386298
0f8cb646f60216bbe0010257a1c316de5dc8831f9c2a371e44140ce70d8911b7	0.15077910647155507
36088b2d90451678ec61b49a54b75050cc129dfc220475887afc3248a6c058bb	0.42607062971303594
18205c5f2f4290d4e421d8e817c7495a904dd1583a37fdbec3d041fce535e762	1.6139784508733008
45b8a3a260db60cbc566c2c8669df8712c0342c6fc8e9bf65094408b08b37718	0.1687642604229236
25a0d4a3819628e021507171a914c9d128bf444b430f88e4ee86cf4cf449e2a9	-0.5648680624699023
c80a4746cfa9759f3ea54aa7a9900e32fa3685163eb0012da27a727507e8d5ec	0.9727617299638606
db6c96ec599b591fb2d117b0c9f164bb6de7b9067f588d88c475cc30ffcc5237	-0.1134840157595585
e663e369ef1794fe0f2acad3441f3283defb69380ee73634f7e8fc1ebeff9942	0.8942133236934006
1585cc5797f90c9ed4309f06919d5caddff5d6e78aef8f43030959dcda52f1c8	1.262784889610359
15ceba4c6e82ad891c61ecb5900ee3b3813110ae21e5d1c42eacc926caf1b98b	-0.48658806467179794
81a0c895444232edb46627fdcf2b980da57a4f2937e01f594e86dfe671675c7e	-0.6564987111475562
1992ac1199570c9dd173552ec24e7bd39dbeb198f3aefcfd50e7c24494afc9b0	-2.0462137366412554
ebe0d55c8fcf6daac66e57815fc7f6dfe668bf770c2c47e58a171bba5e5e34b0	-0.7982918654300515
fbc9ee05650516ce26974e617eeecc892b89dfcf33daead4f191c41410b039a5	-0.3057723625376869
f1d04f6fccb3d0dc75a4c295789819dd62e448ac4153fa6460f2927cc1e1aae7	0.5891936906351702
079f9837dbe4ebe4ded22a11bfcc9bbd99f51099d8058c1f9c20c7776aca472e	0.39906332901353647
622ef473b8b27da12c3f316a18c0f5c1514621295ade0af382dd94951c63297e	-1.3133064773144476
fbeef92f06c57c1154119e5824316bbb9f3a02fe4c9db1054876cc1096b2e882	-1.632958273792188
dd1bc2830005fa88a8cca08bbd3a46080a1677a42c494cec7bd52baaa695d286	-1.284393523852608
c9f3c925021823edd35e413ac23b37937152e4c6b5c3896fdf851fb8bda37542	-0.7135500939838848
c9571c98ddfea0c45dbb05164bd6c7ed658182c5a38a967973a9e85fb3a4a1ab	0.5244342925066446
51fd6a9115eeb72ce2ff9a284c5d604a83ff6cf2eab7d21d7b9d17614361f13c	-0.6514199274647996
0afd578d73d2c02ce8592a8a803eefb3ed58b35476e21c243b3ff4fbecfb33b6	-0.7212239257609648
2a4c370f28e657c01f7bfe7dd45ab8bde509099e3a484bd779233832ad085cec	-0.15763636038205825
7fda02b59adb1003ad36f9d0cd8083e360c73ae7b60ae11549e30a42e32b5ac8	-0.335836662126518
119752ad9e97cf1fd26a86f06b47cc2b0396f36446ab4340da83ed8a00b805ce	-0.7427251457712919
6488cad046da4f0510d75ade48c53e9ec5cc9069e5fb8954a28a0777f35e6469	-0.3289629317061671
98dffbd62c5d0124fff6775c5758a05aca237a253cd4c31327133c073e9128ab	-0.9686839271807682
898d4cdbcaac11fdd1737b92a69b171e6f52c4486e242a244b94cebc2c6a75b1	1.7405681580554861
8b0c70acba81f9ea41d0c207b1281fd56338fc801c9e3f956d2000f22cdf382d	0.26637951647526803
56ef778754e1fc3319a72c3af98a643e9a4ce794df225fcc51f4c6aeb2d42cd9	0.10522536457894656
9bd263bc66768dae4ea92e1d31728dd4a4651bfe23c10969291eca31731e1c7d	-0.1170314187720232
54017851523dd7951962e0bb4612097f5eac5dc63f7a9d4ed5983cbf3e46efc0	-1.2940625201701934
30a9392adaac06fc54ab7f47cca25974f4604cb6406ebb9f7b1e6fa75975d409	-0.6031968496899236
ce82a4e35c968c80c7a95039fd80339af39a19b54599767c465977820e9ee5ac	0.28631409120943624
f3436bb2940dd32bf85c4c2661aaeec1e52a79cc97e2f7bc4e98cd50030096b4	-1.2188719750054127
39e708bbd8b20d31f81092ece11b19598a81fd51b55a7f63f2af109174e2a06a	-1.8397161341666768
5f8f9a39b49c85083833200ad9800ea3b9c3d8d8e52692ce35ecf132cdd1cb91	-0.4515528728276743
9839d37024db7935eb229fb1a49b1e4a941f56d735150257820c9f75ca9bfd2e	-0.39401827871973266
